antecedents,consequents,antecedent support,consequent support,support,confidence,lift,leverage,conviction,zhangs_metric
ROSES REGENCY TEACUP AND SAUCER ,GREEN REGENCY TEACUP AND SAUCER,0.01614604462474645,0.025233265720081135,0.014415145368492225,0.8927973199329984,35.38175874010999,0.01400772793414771,9.092745943204873,0.9876840392885335
REGENCY CAKESTAND 3 TIER,GREEN REGENCY TEACUP AND SAUCER,0.01152129817444219,0.025233265720081135,0.01022312373225152,0.8873239436619718,35.16484760653956,0.009932403753975534,8.651054766734275,0.9828866401139239
POPPY'S PLAYHOUSE LIVINGROOM ,POPPY'S PLAYHOUSE KITCHEN,0.012440838404327248,0.016659905341446922,0.011034482758620689,0.8869565217391304,53.23898927159797,0.01082721956843636,8.698777760441045,0.9935777131611239
PINK REGENCY TEACUP AND SAUCER,ROSES REGENCY TEACUP AND SAUCER ,0.016903313049357674,0.028559837728194728,0.014415145368492225,0.8528000000000001,29.86011363636364,0.013932389490733693,6.599457624129117,0.9831286404071319
POPPY'S PLAYHOUSE BEDROOM ,POPPY'S PLAYHOUSE KITCHEN,0.015037187288708587,0.016659905341446922,0.012765382014874916,0.8489208633093526,50.95592357283005,0.012514863898043422,6.508774912263759,0.9953423455162397
REGENCY CAKESTAND 3 TIER,ROSES REGENCY TEACUP AND SAUCER ,0.014009465855307641,0.028559837728194728,0.011764705882352941,0.8397683397683398,29.403820419445417,0.01136459781086667,6.062722940443314,0.9797161133617024
PINK REGENCY TEACUP AND SAUCER,GREEN REGENCY TEACUP AND SAUCER,0.020175794455713318,0.025233265720081135,0.016903313049357674,0.8378016085790885,33.202266320698605,0.01639421186674292,6.009718874155533,0.9898526373899362
POPPY'S PLAYHOUSE LIVINGROOM ,POPPY'S PLAYHOUSE BEDROOM ,0.012440838404327248,0.015037187288708587,0.010331304935767411,0.8304347826086957,55.22540663121677,0.010144229718652984,5.808755049323003,0.9942618431928929
PINK REGENCY TEACUP AND SAUCER,ROSES REGENCY TEACUP AND SAUCER ,0.020175794455713318,0.028559837728194728,0.01614604462474645,0.8002680965147454,28.020750822568854,0.015569827209053868,4.863720543991725,0.984168544841295
GREEN REGENCY TEACUP AND SAUCER,ROSES REGENCY TEACUP AND SAUCER ,0.025233265720081135,0.028559837728194728,0.020094658553076402,0.7963558413719185,27.883766320763907,0.019374000578758467,4.770282481050495,0.989094934330764
KITCHEN METAL SIGN,BATHROOM METAL SIGN,0.014712643678160919,0.025070993914807303,0.011602434077079107,0.7886029411764706,31.454793689320386,0.011233573476953206,4.61183808095952,0.9826659574676374
SET/6 RED SPOTTY PAPER CUPS,SET/6 RED SPOTTY PAPER PLATES,0.016795131845841783,0.018715348208248817,0.013225152129817444,0.7874396135265701,42.074537153388626,0.012910825389119066,4.616498248202103,0.9929086882870587
POPPY'S PLAYHOUSE KITCHEN,POPPY'S PLAYHOUSE BEDROOM ,0.016659905341446922,0.015037187288708587,0.012765382014874916,0.7662337662337664,50.95592357283006,0.012514863898043422,4.21345203215386,0.9969848698081887
TOILET METAL SIGN,BATHROOM METAL SIGN,0.019688979039891818,0.025070993914807303,0.014983096686950642,0.760989010989011,30.353364273267182,0.014489474413252745,4.079013312816208,0.9864774567674914
REGENCY CAKESTAND 3 TIER,GREEN REGENCY TEACUP AND SAUCER,0.01568627450980392,0.025233265720081135,0.011764705882352941,0.75,29.72266881028939,0.011368889949488923,3.8990669371196756,0.9817557356779777
CANDLEHOLDER PINK HANGING HEART,WHITE HANGING HEART T-LIGHT HOLDER,0.014090601757944557,0.13219743069641648,0.010304259634888438,0.7312859884836852,5.5317715679591375,0.008441518285521758,3.2294652757654787,0.8309344520336779
PAINTED METAL PEARS ASSORTED,ASSORTED COLOUR BIRD ORNAMENT,0.019310344827586208,0.07172413793103448,0.01411764705882353,0.7310924369747899,10.19311570782159,0.012732629222913898,3.452025862068965,0.9196533941186931
REGENCY CAKESTAND 3 TIER,PINK REGENCY TEACUP AND SAUCER,0.014009465855307641,0.020175794455713318,0.01022312373225152,0.7297297297297296,36.1685747409608,0.0099404716287205,3.6253495605138593,0.9861673671367284
GARDENERS KNEELING PAD CUP OF TEA ,GARDENERS KNEELING PAD KEEP CALM ,0.017173766058147397,0.02044624746450304,0.012521974306964166,0.7291338582677166,35.661011123609555,0.012170835236241802,3.616375772442097,0.9889420293817331
"KEY FOB , BACK DOOR ","KEY FOB , SHED",0.01555104800540906,0.01768762677484787,0.011250845165652468,0.7234782608695652,40.903071400079774,0.010975784032575051,3.552387513235613,0.9909624630177516
ROSES REGENCY TEACUP AND SAUCER ,PINK REGENCY TEACUP AND SAUCER,0.020094658553076402,0.020175794455713318,0.014415145368492225,0.7173620457604307,35.55557860856827,0.014009719667867614,3.4667113558066913,0.9918050010832835
PINK REGENCY TEACUP AND SAUCER,ROSES REGENCY TEACUP AND SAUCER ,0.020175794455713318,0.020094658553076402,0.014415145368492225,0.7144772117962468,35.555578608568275,0.014009719667867614,3.4319689423446262,0.9918871290747614
RED HANGING HEART T-LIGHT HOLDER,WHITE HANGING HEART T-LIGHT HOLDER,0.044110885733603784,0.13219743069641648,0.031183231913455036,0.7069282648681791,5.34751894302392,0.0253518861537294,2.9610585576028137,0.8505143303217892
SET/6 RED SPOTTY PAPER PLATES,SET/6 RED SPOTTY PAPER CUPS,0.018715348208248817,0.016795131845841783,0.013225152129817444,0.7066473988439306,42.074537153388626,0.012910825389119066,3.3516146244466865,0.9948516510208012
WOODEN STAR CHRISTMAS SCANDINAVIAN,WOODEN HEART CHRISTMAS SCANDINAVIAN,0.01790398918187965,0.019634888438133873,0.012630155510480055,0.7054380664652569,35.92778582307559,0.012278612680296293,3.3282138659177205,0.9898893577615181
ROSES REGENCY TEACUP AND SAUCER ,GREEN REGENCY TEACUP AND SAUCER,0.028559837728194728,0.025233265720081135,0.020094658553076402,0.7035984848484848,27.883766320763907,0.019374000578758467,3.2886698766760194,0.9924819628372004
SWEETHEART CERAMIC TRINKET BOX,STRAWBERRY CERAMIC TRINKET BOX,0.031670047329276536,0.049168356997971605,0.022096010818120352,0.6976942783945347,14.189904259426799,0.020538846624891825,3.145265124167728,0.9599283368843317
BLUE HAPPY BIRTHDAY BUNTING,PINK HAPPY BIRTHDAY BUNTING,0.01711967545638945,0.021906693711967545,0.011818796484110886,0.6903633491311217,31.51380843718917,0.011443760997439474,3.1588421575526775,0.9851330363076328
ALARM CLOCK BAKELIKE IVORY,ALARM CLOCK BAKELIKE RED ,0.016659905341446922,0.030939824205544288,0.011494252873563218,0.689935064935065,22.299256141585687,0.010978798331017843,3.1253459072742658,0.971337851458414
POPPY'S PLAYHOUSE BEDROOM ,POPPY'S PLAYHOUSE LIVINGROOM ,0.015037187288708587,0.012440838404327248,0.010331304935767411,0.6870503597122303,55.22540663121677,0.010144229718652984,3.1556488152137594,0.9968827041980418
ALARM CLOCK BAKELIKE GREEN,ALARM CLOCK BAKELIKE RED ,0.028154158215010144,0.030939824205544288,0.01898580121703854,0.6743515850144092,21.795585538380926,0.018114716511211045,2.975786557528107,0.9817597694538752
DOLLY GIRL LUNCH BOX,SPACEBOY LUNCH BOX ,0.027018255578093307,0.029966193373901284,0.01817444219066937,0.6726726726726726,22.44771847659934,0.01736480791939074,2.9634977762063377,0.9819835247307729
GREEN REGENCY TEACUP AND SAUCER,PINK REGENCY TEACUP AND SAUCER,0.025233265720081135,0.020175794455713318,0.016903313049357674,0.669882100750268,33.202266320698605,0.01639421186674292,2.9681038434182456,0.9949883802230731
POPPY'S PLAYHOUSE KITCHEN,POPPY'S PLAYHOUSE LIVINGROOM ,0.016659905341446922,0.012440838404327248,0.011034482758620689,0.6623376623376623,53.238989271597966,0.01082721956843636,2.9246944401102613,0.9978407050820549
CHARLOTTE BAG PINK POLKADOT,RED RETROSPOT CHARLOTTE BAG,0.016227180527383367,0.024557133198106828,0.010736984448951995,0.6616666666666667,26.943970264317183,0.010338491415311317,2.8830823649317048,0.9787685995481576
FELTCRAFT CUSHION RABBIT,FELTCRAFT CUSHION BUTTERFLY,0.018309668695064233,0.01836375929682218,0.012035158891142664,0.6573116691285081,35.79396018560617,0.011698924542421944,2.8645160989484975,0.9901924209152575
FELTCRAFT CUSHION BUTTERFLY,FELTCRAFT CUSHION RABBIT,0.01836375929682218,0.018309668695064233,0.012035158891142664,0.6553755522827688,35.79396018560617,0.011698924542421944,2.8485800639147496,0.9902469829838555
RED STRIPE CERAMIC DRAWER KNOB,BLUE STRIPE CERAMIC DRAWER KNOB,0.01660581473968898,0.017281947261663287,0.010818120351588911,0.6514657980456026,37.696319065314796,0.010531139537020655,2.8195742260810217,0.9899104810098732
WHITE HANGING HEART T-LIGHT HOLDER,WOODEN FRAME ANTIQUE WHITE ,0.017958079783637594,0.04795131845841785,0.011656524678837052,0.6490963855421686,13.536570138421705,0.010795411076230171,2.7131344401013324,0.9430616188162063
ALARM CLOCK BAKELIKE PINK,ALARM CLOCK BAKELIKE RED ,0.0208789722785666,0.030939824205544288,0.013549695740365112,0.6489637305699482,20.975029665929924,0.012903704008473828,2.7605699472816227,0.9726318156163434
WHITE HANGING HEART T-LIGHT HOLDER,WOODEN PICTURE FRAME WHITE FINISH,0.018120351588911426,0.04484110885733604,0.011656524678837052,0.6432835820895523,14.345844660893363,0.010843988020705473,2.6776420797723217,0.9474617437787807
WOODEN HEART CHRISTMAS SCANDINAVIAN,WOODEN STAR CHRISTMAS SCANDINAVIAN,0.019634888438133873,0.01790398918187965,0.012630155510480055,0.6432506887052343,35.92778582307558,0.012278612680296293,2.752902331482454,0.9916370727025299
"KEY FOB , SHED","KEY FOB , BACK DOOR ",0.01768762677484787,0.01555104800540906,0.011250845165652468,0.636085626911315,40.903071400079774,0.010975784032575051,2.7051664479179096,0.9931178561671253
FELTCRAFT PRINCESS LOLA DOLL,FELTCRAFT PRINCESS CHARLOTTE DOLL,0.01614604462474645,0.016795131845841783,0.010250169033130493,0.6348408710217754,37.79910017074098,0.009978994084869032,2.69253810223868,0.9895211971746095
JUMBO BAG PINK POLKADOT,JUMBO BAG RED RETROSPOT,0.028532792427315753,0.07064232589587559,0.017958079783637594,0.6293838862559242,8.909444561375498,0.015942456962267783,2.507601908388367,0.9138337872648724
BLUE STRIPE CERAMIC DRAWER KNOB,RED STRIPE CERAMIC DRAWER KNOB,0.017281947261663287,0.01660581473968898,0.010818120351588911,0.6259780907668231,37.69631906531479,0.010531139537020655,2.629242194064178,0.9905915620871864
EDWARDIAN PARASOL RED,EDWARDIAN PARASOL BLACK,0.016822177146720758,0.021311697092630155,0.0104394861392833,0.6205787781350482,29.119162844598236,0.010080976995493821,2.579424255967729,0.9821807723318655
BAKING SET SPACEBOY DESIGN,BAKING SET 9 PIECE RETROSPOT ,0.02388100067613252,0.047112914131169706,0.014712643678160919,0.6160815402038505,13.076702037334888,0.013587540143939881,2.482003825434151,0.9461224705165231
ALARM CLOCK BAKELIKE RED ,ALARM CLOCK BAKELIKE GREEN,0.030939824205544288,0.028154158215010144,0.01898580121703854,0.6136363636363636,21.795585538380926,0.018114716511211045,2.515365708149386,0.9845819417698517
FELTCRAFT CUSHION RABBIT,FELTCRAFT CUSHION OWL,0.018309668695064233,0.020851926977687625,0.011223799864773495,0.6129985228951256,29.397691808102813,0.010842007990158362,2.5300887230385705,0.9840004461064268
GARDENERS KNEELING PAD KEEP CALM ,GARDENERS KNEELING PAD CUP OF TEA ,0.02044624746450304,0.017173766058147397,0.012521974306964166,0.6124338624338626,35.661011123609555,0.012170835236241802,2.5358929449148153,0.9922458750305692
FELTCRAFT PRINCESS CHARLOTTE DOLL,FELTCRAFT PRINCESS LOLA DOLL,0.016795131845841783,0.01614604462474645,0.010250169033130493,0.6103059581320451,37.799100170740985,0.009978994084869032,2.5246830838348453,0.9901744542778771
SPACEBOY LUNCH BOX ,DOLLY GIRL LUNCH BOX,0.029966193373901284,0.027018255578093307,0.01817444219066937,0.6064981949458484,22.447718476599345,0.01736480791939074,2.472623332154754,0.9849677777822032
ALARM CLOCK BAKELIKE IVORY,ALARM CLOCK BAKELIKE GREEN,0.016659905341446922,0.028154158215010144,0.010087897227856659,0.6055194805194806,21.507284142370597,0.00961885161702647,2.4636092120969293,0.969658544333035
PINK REGENCY TEACUP AND SAUCER,REGENCY CAKESTAND 3 TIER,0.016903313049357674,0.08973630831643002,0.01022312373225152,0.6048,6.739746835443038,0.008706282820885225,2.3032988149887905,0.8662692954302307
WOODEN PICTURE FRAME WHITE FINISH,WOODEN FRAME ANTIQUE WHITE ,0.04484110885733604,0.04795131845841785,0.02685598377281947,0.5989143546441495,12.490049781707517,0.02470579348197277,2.3736792691668316,0.9631238073599604
BATHROOM METAL SIGN,TOILET METAL SIGN,0.025070993914807303,0.019688979039891818,0.014983096686950642,0.5976267529665588,30.353364273267186,0.014489474413252745,2.43632256415555,0.9919232239084349
HOT WATER BOTTLE I AM SO POORLY,CHOCOLATE HOT WATER BOTTLE,0.022041920216362407,0.039134550371872884,0.012954699121027721,0.5877300613496932,15.018188678925299,0.012092098484027683,2.330670659068225,0.9544520294862084
FELTCRAFT CUSHION BUTTERFLY,FELTCRAFT CUSHION OWL,0.01836375929682218,0.020851926977687625,0.010791075050709939,0.5876288659793814,28.181034136948934,0.01040815528281677,2.374434077079107,0.9825586116492465
ROSES REGENCY TEACUP AND SAUCER ,REGENCY CAKESTAND 3 TIER,0.020094658553076402,0.08973630831643002,0.011764705882352941,0.585464333781965,6.524274786494321,0.009961485406920689,2.195863386106794,0.8640898500848935
HAND WARMER BIRD DESIGN,HAND WARMER OWL DESIGN,0.024530087897227857,0.02861392832995267,0.014225828262339419,0.5799338478500551,20.267536884929857,0.0135239260853207,2.312459755917934,0.974566208062422
LUNCH BAG DOLLY GIRL DESIGN,LUNCH BAG SPACEBOY DESIGN ,0.023583502366463827,0.05068289384719405,0.013630831643002028,0.5779816513761468,11.403880234596066,0.012435551496017492,2.2494687950142573,0.9343456925929297
LUNCH BAG WOODLAND,LUNCH BAG SPACEBOY DESIGN ,0.01803921568627451,0.05068289384719405,0.010412440838404327,0.5772113943028485,11.388682659737366,0.009498161184690239,2.2453706021415654,0.9289510808680138
HAND WARMER SCOTTY DOG DESIGN,HAND WARMER OWL DESIGN,0.02539553752535497,0.02861392832995267,0.01460446247464503,0.5750798722044728,20.097900070661986,0.013877796383993899,2.2860439130280055,0.9750043166709832
LUNCH BAG WOODLAND,LUNCH BAG CARS BLUE,0.01803921568627451,0.04860040567951318,0.010331304935767411,0.5727136431784108,11.784132975248603,0.009454591735274232,2.2266088751289987,0.9319518090427046
GREEN REGENCY TEACUP AND SAUCER,ROSES REGENCY TEACUP AND SAUCER ,0.025233265720081135,0.01614604462474645,0.014415145368492225,0.5712754555198286,35.38175874010999,0.01400772793414771,2.2948393509127794,0.9968916814060894
PINK REGENCY TEACUP AND SAUCER,REGENCY CAKESTAND 3 TIER,0.020175794455713318,0.08973630831643002,0.01152129817444219,0.5710455764075067,6.363595596042062,0.00971079686263538,2.1220522312373227,0.8602115883353891
ALARM CLOCK BAKELIKE PINK,ALARM CLOCK BAKELIKE GREEN,0.0208789722785666,0.028154158215010144,0.011899932386747802,0.5699481865284974,20.2438368846217,0.011312102497850227,2.259834306801242,0.9708730818390239
PINK BLUE FELT CRAFT TRINKET BOX,PINK CREAM FELT CRAFT TRINKET BOX ,0.027126436781609194,0.03310344827586207,0.015415821501014199,0.5682951146560319,17.167248255234295,0.014517842904105757,2.2397164927928643,0.9680081583921998
ROSES REGENCY TEACUP AND SAUCER ,PINK REGENCY TEACUP AND SAUCER,0.028559837728194728,0.020175794455713318,0.01614604462474645,0.5653409090909091,28.020750822568854,0.015569827209053868,2.2542360807293393,0.9926624407988885
LUNCH BAG PINK POLKADOT,LUNCH BAG RED RETROSPOT,0.02977687626774848,0.04110885733603786,0.016822177146720758,0.5649409627611263,13.742560590850424,0.015598083788317034,2.2040483258309442,0.9556908450745885
SINGLE HEART ZINC T-LIGHT HOLDER,HANGING HEART ZINC T-LIGHT HOLDER,0.02220419202163624,0.03085868830290737,0.012521974306964166,0.5639464068209501,18.275125672396694,0.01183678206635059,2.222527980176852,0.9667466421240265
WOODEN FRAME ANTIQUE WHITE ,WOODEN PICTURE FRAME WHITE FINISH,0.04795131845841785,0.04484110885733604,0.02685598377281947,0.560067681895093,12.490049781707517,0.02470579348197277,2.1711496333281324,0.9662701978447736
RED KITCHEN SCALES,IVORY KITCHEN SCALES,0.021149425287356322,0.02883029073698445,0.011764705882352941,0.5562659846547314,19.294497919895583,0.011154961802398328,2.188630295803107,0.9686583199710619
GREEN REGENCY TEACUP AND SAUCER,REGENCY CAKESTAND 3 TIER,0.025233265720081135,0.08973630831643002,0.014009465855307641,0.5551982851018221,6.1869971644484245,0.011745125742820037,2.0464482514235445,0.8600731578923689
LUNCH BAG WOODLAND,LUNCH BAG SPACEBOY DESIGN ,0.018688302907369843,0.05068289384719405,0.010358350236646382,0.5542691751085383,10.93602067750171,0.009411172964207948,2.129799092050613,0.9258618476290753
LUNCH BAG WOODLAND,LUNCH BAG  BLACK SKULL.,0.018688302907369843,0.054009465855307644,0.010331304935767411,0.5528219971056441,10.23565014671066,0.009321959677998173,2.1154675051585197,0.9194858795736485
PAPER CHAIN KIT VINTAGE CHRISTMAS,PAPER CHAIN KIT 50'S CHRISTMAS ,0.03334685598377282,0.04573360378634212,0.01836375929682218,0.5506893755068938,12.041241667278177,0.0168386873977401,2.1238456074574734,0.9485843933561164
LUNCH BAG CARS BLUE,LUNCH BAG WOODLAND,0.01885057471264368,0.04286680189317106,0.010358350236646382,0.5494978479196556,12.818727398630452,0.009550286384867065,2.124591844205286,0.9397030790802157
ROSES REGENCY TEACUP AND SAUCER ,REGENCY CAKESTAND 3 TIER,0.028559837728194728,0.08973630831643002,0.01568627450980392,0.5492424242424242,6.120626472683434,0.013123420105959429,2.0194085260879198,0.8612141686610966
VINTAGE HEADS AND TAILS CARD GAME ,VINTAGE SNAP CARDS,0.028397565922920892,0.04002704530087897,0.015524002704530087,0.5466666666666666,13.657432432432431,0.014387332046898635,2.1175874000715904,0.9538673048525892
LUNCH BAG CARS BLUE,LUNCH BAG  BLACK SKULL.,0.01885057471264368,0.054009465855307644,0.010250169033130493,0.5437589670014347,10.067845670945442,0.00923205956183504,2.07344466131714,0.9179783032841816
LUNCH BAG PINK RETROSPOT,LUNCH BAG RED SPOTTY,0.019743069641649763,0.028640973630831644,0.010655848546315077,0.5397260273972603,18.844541891419922,0.010090387809316913,2.110393122766348,0.9660061636367837
PINK HAPPY BIRTHDAY BUNTING,BLUE HAPPY BIRTHDAY BUNTING,0.021906693711967545,0.01711967545638945,0.011818796484110886,0.5395061728395062,31.513808437189166,0.011443760997439474,2.134404994317224,0.9899545086545553
FELTCRAFT CUSHION OWL,FELTCRAFT CUSHION RABBIT,0.020851926977687625,0.018309668695064233,0.011223799864773495,0.5382619974059664,29.397691808102817,0.010842007990158362,2.1260765321238924,0.9865553030817336
EDWARDIAN PARASOL BLACK,EDWARDIAN PARASOL NATURAL,0.021311697092630155,0.023340094658553075,0.011331981068289384,0.5317258883248731,22.781650893177503,0.010834564040812986,2.0856585512440655,0.9769249535345866
LUNCH BAG WOODLAND,LUNCH BAG  BLACK SKULL.,0.019634888438133873,0.054009465855307644,0.010412440838404327,0.5303030303030304,9.81870533072336,0.00935197100173216,2.0140443630177325,0.9161419231269433
LOVE BUILDING BLOCK WORD,HOME BUILDING BLOCK WORD,0.04016227180527383,0.04951994590939824,0.02125760649087221,0.5292929292929293,10.68847955248829,0.0192687729634765,2.01926020075042,0.9443693417563059
LUNCH BAG WOODLAND,LUNCH BAG CARS BLUE,0.019634888438133873,0.04860040567951318,0.010358350236646382,0.5275482093663912,10.854810818765896,0.009404086693081093,2.013749578649194,0.9260579944331949
PLASTERS IN TIN STRONGMAN,PLASTERS IN TIN CIRCUS PARADE ,0.02315077755240027,0.029749830966869506,0.011981068289384719,0.5175233644859814,17.39584218351742,0.011292336570449214,2.010978558577142,0.964852075066386
FELTCRAFT CUSHION OWL,FELTCRAFT CUSHION BUTTERFLY,0.020851926977687625,0.01836375929682218,0.010791075050709939,0.5175097276264592,28.181034136948934,0.01040815528281677,2.0345202730702963,0.9850554460396932
LUNCH BAG CARS BLUE,LUNCH BAG WOODLAND,0.020040567951318457,0.04286680189317106,0.010331304935767411,0.5155195681511472,12.02607951570263,0.00947222987957161,1.9755869075129815,0.9355972825846658
LUNCH BAG CARS BLUE,LUNCH BAG SPACEBOY DESIGN ,0.020040567951318457,0.05068289384719405,0.010250169033130493,0.5114709851551957,10.091590008598379,0.009234455055016341,1.9432154023735615,0.91933151315045
HAND WARMER OWL DESIGN,HAND WARMER SCOTTY DOG DESIGN,0.02861392832995267,0.02539553752535497,0.01460446247464503,0.5103969754253308,20.097900070661986,0.013877796383993899,1.9906013924675183,0.9782346954243271
PACK OF 60 DINOSAUR CAKE CASES,60 TEATIME FAIRY CAKE CASES,0.03064232589587559,0.04773495605138607,0.015578093306288033,0.5083848190644308,10.650157895131631,0.014115383226336162,1.9370130965777015,0.9347475164921353
PINK REGENCY TEACUP AND SAUCER,REGENCY CAKESTAND 3 TIER,0.020175794455713318,0.014009465855307641,0.01022312373225152,0.5067024128686327,36.1685747409608,0.0099404716287205,1.9987742893259253,0.9923736151619892
HAND WARMER BIRD DESIGN,HAND WARMER SCOTTY DOG DESIGN,0.024530087897227857,0.02539553752535497,0.012413793103448275,0.5060639470782801,19.92727842728371,0.01179083833575397,1.973138945233266,0.9737025415319357
PLASTERS IN TIN WOODLAND ANIMALS,PLASTERS IN TIN SPACEBOY,0.02966869506423259,0.03126436781609195,0.015010141987829614,0.5059252506836828,16.182167944661913,0.014082568992717974,1.960706620859312,0.9668899458575583
ROSES REGENCY TEACUP AND SAUCER ,PINK REGENCY TEACUP AND SAUCER,0.028559837728194728,0.016903313049357674,0.014415145368492225,0.5047348484848485,29.86011363636364,0.013932389490733693,1.984990633690016,0.9949254177120535
BLUE HARMONICA IN BOX ,RED  HARMONICA IN BOX ,0.022041920216362407,0.023908045977011495,0.011061528059499661,0.501840490797546,20.99044360547428,0.01053454881754525,1.9593964101692996,0.9738242286388126
ROUND SNACK BOXES SET OF 4 FRUITS ,ROUND SNACK BOXES SET OF4 WOODLAND ,0.026639621365787694,0.030939824205544288,0.013360378634212305,0.5015228426395939,16.209621596677433,0.012536153432252572,1.9440412895265557,0.9639885348269256
LUNCH BAG SUKI DESIGN ,LUNCH BAG RED RETROSPOT,0.02431372549019608,0.04110885733603786,0.012170385395537525,0.5005561735261401,12.176358234295416,0.011170875923053467,1.919917900344993,0.940746695248303
HEART OF WICKER LARGE,HEART OF WICKER SMALL,0.047139959432048684,0.048113590263691684,0.02350236646382691,0.4985656913367757,10.362263314883238,0.02123429377066627,1.8983272450462079,0.9481938038335272
SET OF 3 BUTTERFLY COOKIE CUTTERS,SET OF 3 HEART COOKIE CUTTERS,0.022014874915483436,0.025530764029749832,0.010953346855983773,0.4975429975429975,19.487979167534252,0.010391290279372106,1.9394082104640182,0.9700416621003257
LUNCH BAG SPACEBOY DESIGN ,LUNCH BAG WOODLAND,0.020933062880324545,0.04286680189317106,0.010412440838404327,0.4974160206718346,11.603758589489644,0.009515107378896163,1.904424409600734,0.9333590913934
HAND WARMER OWL DESIGN,HAND WARMER BIRD DESIGN,0.02861392832995267,0.024530087897227857,0.014225828262339419,0.4971644612476371,20.267536884929857,0.0135239260853207,1.9399382838434833,0.9786634182252257
LUNCH BAG PINK POLKADOT,LUNCH BAG  BLACK SKULL.,0.02977687626774848,0.054009465855307644,0.014793779580797837,0.49682107175295187,9.19877773062864,0.013185546398737156,1.880028119301997,0.9186442616188959
WOOD S/3 CABINET ANT WHITE FINISH,WOOD 2 DRAWER CABINET WHITE FINISH,0.027099391480730223,0.028478701825557808,0.013387423935091278,0.4940119760479042,17.346716822764726,0.0126156684454575,1.9200480094098447,0.9686006929439506
HAND WARMER UNION JACK,HAND WARMER OWL DESIGN,0.0213657876943881,0.02861392832995267,0.010547667342799188,0.4936708860759494,17.252817592304563,0.009936308224998983,1.9184874915483434,0.9626052727614148
EDWARDIAN PARASOL BLACK,EDWARDIAN PARASOL RED,0.021311697092630155,0.016822177146720758,0.0104394861392833,0.48984771573604063,29.119162844598236,0.010080976995493821,1.927224190070607,0.9866863132224364
LUNCH BAG SPACEBOY DESIGN ,LUNCH BAG CARS BLUE,0.020933062880324545,0.04860040567951318,0.010250169033130493,0.48966408268733846,10.0753085461126,0.009232813685031961,1.8642614835545739,0.9200059999217212
HAND WARMER SCOTTY DOG DESIGN,HAND WARMER BIRD DESIGN,0.02539553752535497,0.024530087897227857,0.012413793103448275,0.4888178913738019,19.92727842728371,0.01179083833575397,1.908263015551048,0.9745671902534647
HEART OF WICKER SMALL,HEART OF WICKER LARGE,0.048113590263691684,0.047139959432048684,0.02350236646382691,0.48847667228780217,10.362263314883238,0.02123429377066627,1.8627890243630612,0.9491636577072062
72 SWEETHEART FAIRY CAKE CASES,60 TEATIME FAIRY CAKE CASES,0.0318052738336714,0.04773495605138607,0.015442866801893171,0.48554421768707484,10.171669942764641,0.013924643453240567,1.8510143664191236,0.9313082398323506
EDWARDIAN PARASOL NATURAL,EDWARDIAN PARASOL BLACK,0.023340094658553075,0.021311697092630155,0.011331981068289384,0.4855156431054461,22.7816508931775,0.010834564040812986,1.9022702824528384,0.9789539015716682
PLASTERS IN TIN SPACEBOY,PLASTERS IN TIN WOODLAND ANIMALS,0.03126436781609195,0.02966869506423259,0.015010141987829614,0.48010380622837373,16.182167944661913,0.014082568992717974,1.8663943236368508,0.9684825784493558
HOT WATER BOTTLE TEA AND SYMPATHY,CHOCOLATE HOT WATER BOTTLE,0.03510480054090602,0.039134550371872884,0.016768086544962812,0.4776579352850539,12.205530170811935,0.015394275959900176,1.8395329699370337,0.9514711294074885
JUMBO BAG STRAWBERRY,JUMBO BAG RED RETROSPOT,0.04094658553076403,0.07064232589587559,0.019553752535496956,0.4775429326287979,6.76001146016455,0.01666119049610938,1.7788211360223063,0.888450261314097
LUNCH BAG SUKI  DESIGN ,LUNCH BAG SPACEBOY DESIGN ,0.029019607843137254,0.05068289384719405,0.013793103448275862,0.47530288909599255,9.377974559404656,0.012322305744474937,1.809266882596733,0.9200671544869967
PLASTERS IN TIN CIRCUS PARADE ,PLASTERS IN TIN SPACEBOY,0.029749830966869506,0.03126436781609195,0.014090601757944557,0.47363636363636363,15.149398395721926,0.013160492100129786,1.840430389295853,0.962628822888174
COOK WITH WINE METAL SIGN ,GIN + TONIC DIET METAL SIGN,0.03313049357674104,0.037457741717376605,0.015605138607167005,0.47102040816326535,12.574714506741326,0.014364145135800234,1.8196207814756387,0.9520160948237204
WOOD 2 DRAWER CABINET WHITE FINISH,WOOD S/3 CABINET ANT WHITE FINISH,0.028478701825557808,0.027099391480730223,0.013387423935091278,0.4700854700854701,17.346716822764726,0.0126156684454575,1.835957599947654,0.9699758567806004
PACK OF 60 PINK PAISLEY CAKE CASES,60 TEATIME FAIRY CAKE CASES,0.04267748478701826,0.04773495605138607,0.019905341446923595,0.46641318124207853,9.770893697691703,0.017868133586231582,1.7846487403217488,0.9376727301871566
GREEN REGENCY TEACUP AND SAUCER,REGENCY CAKESTAND 3 TIER,0.025233265720081135,0.01568627450980392,0.011764705882352941,0.4662379421221865,29.722668810289388,0.011368889949488923,1.8441058351051265,0.9913711780700295
PINK CREAM FELT CRAFT TRINKET BOX ,PINK BLUE FELT CRAFT TRINKET BOX,0.03310344827586207,0.027126436781609194,0.015415821501014199,0.4656862745098039,17.167248255234295,0.014517842904105757,1.8207908889591897,0.973992041444553
BATHROOM METAL SIGN,KITCHEN METAL SIGN,0.025070993914807303,0.014712643678160919,0.011602434077079107,0.4627831715210356,31.45479368932039,0.011233573476953206,1.8340589945990857,0.9931065106664307
RED  HARMONICA IN BOX ,BLUE HARMONICA IN BOX ,0.023908045977011495,0.022041920216362407,0.011061528059499661,0.4626696832579185,20.99044360547428,0.01053454881754525,1.8200314579552326,0.9756860188850256
JUMBO STORAGE BAG SKULLS,JUMBO STORAGE BAG SUKI,0.026964164976335362,0.046355645706558486,0.012440838404327248,0.46138415245737213,9.953138294697395,0.011190897125911052,1.7705464082505793,0.9244563706806334
LUNCH BAG WOODLAND,LUNCH BAG SPACEBOY DESIGN ,0.04286680189317106,0.05068289384719405,0.019634888438133873,0.45804416403785486,9.037450888633769,0.017462274868213588,1.7516503064635591,0.9291803181705311
LUNCH BAG SUKI DESIGN ,LUNCH BAG  BLACK SKULL.,0.02431372549019608,0.054009465855307644,0.011061528059499661,0.45494994438264735,8.423522380344709,0.009748356732821593,1.7356030412164865,0.9032460947020023
PLASTERS IN TIN SPACEBOY,PLASTERS IN TIN CIRCUS PARADE ,0.03126436781609195,0.029749830966869506,0.014090601757944557,0.45069204152249137,15.149398395721926,0.013160492100129786,1.766313693546927,0.964133812253643
JUMBO BAG SPACEBOY DESIGN,JUMBO BAG RED RETROSPOT,0.026288032454361055,0.07064232589587559,0.011818796484110886,0.4495884773662552,6.364293242962208,0.009961748728308559,1.6884778677181476,0.865629046549706
STRAWBERRY CERAMIC TRINKET BOX,SWEETHEART CERAMIC TRINKET BOX,0.049168356997971605,0.031670047329276536,0.022096010818120352,0.4493949394939494,14.189904259426797,0.020538846624891825,1.7586651887666085,0.9775940544928922
LUNCH BAG APPLE DESIGN,LUNCH BAG RED RETROSPOT,0.02342123056118999,0.04110885733603786,0.010520622041920216,0.4491916859122402,10.926883280661237,0.009557802016145806,1.7408799361572145,0.9302706793006976
LUNCH BAG PINK POLKADOT,LUNCH BAG CARS BLUE,0.02977687626774848,0.04860040567951318,0.013360378634212305,0.4486830154405086,9.23208374842115,0.011913210367731061,1.725685260867967,0.9190484848115503
PACK OF 60 SPACEBOY CAKE CASES,60 TEATIME FAIRY CAKE CASES,0.024638269100743744,0.04773495605138607,0.011034482758620689,0.4478594950603732,9.382212368191105,0.009858376065914463,1.7246788370520618,0.915983580932373
PLASTERS IN TIN WOODLAND ANIMALS,PLASTERS IN TIN CIRCUS PARADE ,0.02966869506423259,0.029749830966869506,0.013252197430696416,0.44667274384685507,15.014295185215879,0.012369558767527902,1.7534834191587219,0.9619361987506414
PLASTERS IN TIN CIRCUS PARADE ,PLASTERS IN TIN WOODLAND ANIMALS,0.029749830966869506,0.02966869506423259,0.013252197430696416,0.44545454545454544,15.014295185215877,0.012369558767527902,1.7497777629989246,0.9620166394083767
JUMBO BAG SPACEBOY DESIGN,JUMBO STORAGE BAG SUKI,0.026288032454361055,0.046355645706558486,0.011683569979716025,0.4444444444444445,9.587709062621549,0.010464971260939152,1.7165598377281948,0.9198816765269561
PACK OF 60 SPACEBOY CAKE CASES,PACK OF 60 DINOSAUR CAKE CASES,0.024638269100743744,0.03064232589587559,0.010872210953346857,0.4412733260153678,14.40077778412906,0.010117237082051585,1.734940748740388,0.9540658370746092
PLASTERS IN TIN STRONGMAN,PLASTERS IN TIN SPACEBOY,0.02315077755240027,0.03126436781609195,0.01019607843137255,0.4404205607476636,14.086981170973065,0.009472284006745782,1.7311851798526627,0.9510295432949571
ALARM CLOCK BAKELIKE RED ,ALARM CLOCK BAKELIKE PINK,0.030939824205544288,0.0208789722785666,0.013549695740365112,0.4379370629370629,20.975029665929924,0.012903704008473828,1.7420131504095175,0.9827297485629338
WOOD 2 DRAWER CABINET WHITE FINISH,WOODEN FRAME ANTIQUE WHITE ,0.028478701825557808,0.04795131845841785,0.01246788370520622,0.4377967711301045,9.13002572619042,0.011102292404686572,1.6934244284852806,0.9165741246308433
JUMBO  BAG BAROQUE BLACK WHITE,JUMBO BAG RED RETROSPOT,0.03918864097363083,0.07064232589587559,0.017146720757268426,0.43754313319530713,6.193781527525452,0.014378344010192733,1.6523181224256152,0.8727496154680154
RED RETROSPOT CHARLOTTE BAG,CHARLOTTE BAG PINK POLKADOT,0.024557133198106828,0.016227180527383367,0.010736984448951995,0.4372246696035243,26.943970264317183,0.010338491415311317,1.7480738162057454,0.9871269528534181
JUMBO BAG OWLS,JUMBO STORAGE BAG SUKI,0.024881676808654496,0.046355645706558486,0.010872210953346857,0.43695652173913047,9.426177007762163,0.009718804758619776,1.6937312856176954,0.9167220339848393
LUNCH BAG WOODLAND,LUNCH BAG CARS BLUE,0.04286680189317106,0.04860040567951318,0.018688302907369843,0.43596214511041004,8.97033963019333,0.016604958945178404,1.686765499997731,0.9283154136520532
WOODEN FRAME ANTIQUE WHITE ,WHITE HANGING HEART T-LIGHT HOLDER,0.02685598377281947,0.13219743069641648,0.011656524678837052,0.4340382678751259,3.2832579694522877,0.008106232625245664,1.5333237567944102,0.7146162021459299
LUNCH BAG SUKI DESIGN ,LUNCH BAG CARS BLUE,0.02431372549019608,0.04860040567951318,0.010547667342799188,0.43381535038932145,8.926167268027358,0.009366010420395338,1.6803698139373626,0.9100976997279246
ROUND SNACK BOXES SET OF4 WOODLAND ,ROUND SNACK BOXES SET OF 4 FRUITS ,0.030939824205544288,0.026639621365787694,0.013360378634212305,0.43181818181818177,16.209621596677433,0.012536153432252572,1.7131142663962136,0.9682662322687353
PACK OF 60 DINOSAUR CAKE CASES,PACK OF 60 PINK PAISLEY CAKE CASES,0.03064232589587559,0.04267748478701826,0.013198106828938473,0.4307149161518094,10.092321942150287,0.011890369431678387,1.681622340676447,0.9293935542238659
CREAM HEART CARD HOLDER,WHITE HANGING HEART T-LIGHT HOLDER,0.030534144692359703,0.13219743069641648,0.013144016227180528,0.4304694419840567,3.2562617875123765,0.009107480750337953,1.5237155532562143,0.7147228346959296
LUNCH BAG DOLLY GIRL DESIGN,LUNCH BAG  BLACK SKULL.,0.023583502366463827,0.054009465855307644,0.010141987829614604,0.43004587155963303,7.962416675471923,0.008868255463804509,1.6597660880768044,0.8955297159054187
HOME BUILDING BLOCK WORD,LOVE BUILDING BLOCK WORD,0.04951994590939824,0.04016227180527383,0.02125760649087221,0.42927362097214633,10.68847955248829,0.0192687729634765,1.6817826605976494,0.9536668546247239
WOOD 2 DRAWER CABINET WHITE FINISH,WOODEN PICTURE FRAME WHITE FINISH,0.028478701825557808,0.04484110885733604,0.01222447599729547,0.42924976258309594,9.572683939390815,0.010947459428620018,1.6735146628506243,0.9217873977689122
SET OF 3 HEART COOKIE CUTTERS,SET OF 3 BUTTERFLY COOKIE CUTTERS,0.025530764029749832,0.022014874915483436,0.010953346855983773,0.4290254237288135,19.48797916753425,0.010391290279372106,1.7128348016322517,0.9735415765093913
CHOCOLATE HOT WATER BOTTLE,HOT WATER BOTTLE TEA AND SYMPATHY,0.039134550371872884,0.03510480054090602,0.016768086544962812,0.42847270214236355,12.205530170811935,0.015394275959900176,1.6882749136847752,0.9554614806313603
JUMBO STORAGE BAG SUKI,JUMBO BAG RED RETROSPOT,0.046355645706558486,0.07064232589587559,0.01982420554428668,0.42765460910151687,6.053801367353977,0.016549534913170228,1.623770696650835,0.8753939875292851
JUMBO BAG WOODLAND ANIMALS,JUMBO BAG RED RETROSPOT,0.024746450304259635,0.07064232589587559,0.010520622041920216,0.42513661202185793,6.018157055707579,0.008772475234760617,1.6166583114168704,0.8549942469491721
JUMBO BAG PINK VINTAGE PAISLEY,JUMBO BAG RED RETROSPOT,0.03321162947937796,0.07064232589587559,0.01411764705882353,0.42508143322475567,6.0173759546268535,0.011771500305608243,1.6165031498581652,0.8624582487805155
ALARM CLOCK BAKELIKE GREEN,ALARM CLOCK BAKELIKE PINK,0.028154158215010144,0.0208789722785666,0.011899932386747802,0.42267050912584053,20.2438368846217,0.011312102497850227,1.6959484024259768,0.9781409857465959
LUNCH BAG WOODLAND,LUNCH BAG  BLACK SKULL.,0.04286680189317106,0.054009465855307644,0.01803921568627451,0.420820189274448,7.791600650186637,0.01572400261309905,1.6333278830276008,0.9106952598863044
LUNCH BAG SUKI DESIGN ,LUNCH BAG SPACEBOY DESIGN ,0.02431372549019608,0.05068289384719405,0.01022312373225152,0.4204671857619577,8.296037456535958,0.008990833764202096,1.6380730872003313,0.9013763418908113
JUMBO STORAGE BAG SKULLS,JUMBO BAG RED RETROSPOT,0.026964164976335362,0.07064232589587559,0.01127789046653144,0.41825476429287867,5.920738862836596,0.009373079136763003,1.5975337949686415,0.8541331479815869
60 TEATIME FAIRY CAKE CASES,PACK OF 60 PINK PAISLEY CAKE CASES,0.04773495605138607,0.04267748478701826,0.019905341446923595,0.4169971671388102,9.770893697691703,0.017868133586231582,1.6420546543740648,0.9426527018016128
GIN + TONIC DIET METAL SIGN,COOK WITH WINE METAL SIGN ,0.037457741717376605,0.03313049357674104,0.015605138607167005,0.4166064981949459,12.574714506741326,0.014364145135800234,1.6573196366289775,0.9562960210718742
LUNCH BAG SPACEBOY DESIGN ,LUNCH BAG  BLACK SKULL.,0.05068289384719405,0.054009465855307644,0.020933062880324545,0.41302027748132336,7.647183154667967,0.018195706855636335,1.611623873624685,0.9156401898780535
PLASTERS IN TIN SKULLS,PLASTERS IN TIN WOODLAND ANIMALS,0.024503042596348883,0.02966869506423259,0.010114942528735632,0.41280353200883,13.913774472221048,0.009387969229798655,1.652481508029709,0.9514419999813192
LUNCH BAG CARS BLUE,LUNCH BAG  BLACK SKULL.,0.04860040567951318,0.054009465855307644,0.020040567951318457,0.41235392320534225,7.634845423393855,0.01741568600021669,1.6097963919109963,0.9134138630534405
FELTCRAFT BUTTERFLY HEARTS,FELTCRAFT 6 FLOWER FRIENDS,0.02774847870182556,0.03215686274509804,0.011440162271805273,0.4122807017543859,12.820924261874195,0.010547858250805392,1.6467778753292361,0.9483168531305874
PACK OF 72 RETRO SPOT CAKE CASES,60 TEATIME FAIRY CAKE CASES,0.03137254901960784,0.04773495605138607,0.01292765382014875,0.4120689655172414,8.63243626062323,0.011430086571477814,1.6196883445460295,0.912794538647875
ROSES REGENCY TEACUP AND SAUCER ,REGENCY CAKESTAND 3 TIER,0.028559837728194728,0.014009465855307641,0.011764705882352941,0.4119318181818182,29.403820419445417,0.01136459781086667,1.6766602319755155,0.9943904436322721
COOK WITH WINE METAL SIGN ,PLEASE ONE PERSON METAL SIGN,0.03313049357674104,0.03783637592968222,0.013603786342123057,0.4106122448979592,10.852314335312396,0.01235024853241756,1.6324798330832955,0.9389620320037815
WOOD S/3 CABINET ANT WHITE FINISH,WOODEN FRAME ANTIQUE WHITE ,0.027099391480730223,0.04795131845841785,0.011115618661257607,0.4101796407185629,8.554084723953109,0.009816167110335776,1.614133297639028,0.9076947613386438
PLASTERS IN TIN SKULLS,PLASTERS IN TIN SPACEBOY,0.024503042596348883,0.03126436781609195,0.010033806626098716,0.40949227373068436,13.097730814179979,0.009267734489753095,1.6405130518852722,0.9468516430659744
LUNCH BAG RED RETROSPOT,LUNCH BAG PINK POLKADOT,0.04110885733603786,0.02977687626774848,0.016822177146720758,0.40921052631578947,13.742560590850422,0.015598083788317034,1.6422484945133877,0.9669850056749624
PLASTERS IN TIN VINTAGE PAISLEY ,PLASTERS IN TIN SPACEBOY,0.02680189317106153,0.03126436781609195,0.010953346855983773,0.408678102926337,13.071689321540926,0.010115402609716101,1.63825428582637,0.9489319670196356
CHARLOTTE BAG SUKI DESIGN,WOODLAND CHARLOTTE BAG,0.02588235294117647,0.02872210953346856,0.010574712643678161,0.40856844305120166,14.224875877418249,0.009831316867517799,1.6422490126792766,0.9544028071215884
IVORY KITCHEN SCALES,RED KITCHEN SCALES,0.02883029073698445,0.021149425287356322,0.011764705882352941,0.40806754221388364,19.294497919895583,0.011154961802398328,1.6536524764559082,0.9763193231421828
STRAWBERRY CHARLOTTE BAG,WOODLAND CHARLOTTE BAG,0.02672075726842461,0.02872210953346856,0.010872210953346857,0.4068825910931174,14.16618060797365,0.010104734436265939,1.6375811532097835,0.9549256800444936
COOK WITH WINE METAL SIGN ,HAND OVER THE CHOCOLATE   SIGN ,0.03313049357674104,0.03515889114266396,0.013468559837728196,0.406530612244898,11.562668759811618,0.012303728420560829,1.6257639041956489,0.9448170303591991
HANGING HEART ZINC T-LIGHT HOLDER,SINGLE HEART ZINC T-LIGHT HOLDER,0.03085868830290737,0.02220419202163624,0.012521974306964166,0.4057843996494303,18.275125672396694,0.01183678206635059,1.6455236237511992,0.9753797538469624
GREEN REGENCY TEACUP AND SAUCER,REGENCY CAKESTAND 3 TIER,0.025233265720081135,0.01152129817444219,0.01022312373225152,0.40514469453376206,35.16484760653956,0.009932403753975534,1.6617128446905323,0.9967128297409634
JUMBO BAG OWLS,JUMBO BAG RED RETROSPOT,0.024881676808654496,0.07064232589587559,0.010060851926977688,0.4043478260869566,5.723874758639059,0.008303152405024867,1.5602355112696982,0.8463518250939798
PLASTERS IN TIN CIRCUS PARADE ,PLASTERS IN TIN STRONGMAN,0.029749830966869506,0.02315077755240027,0.011981068289384719,0.4027272727272727,17.395842183517416,0.011292336570449214,1.635516201967062,0.9714144139184057
PAPER CHAIN KIT 50'S CHRISTMAS ,PAPER CHAIN KIT VINTAGE CHRISTMAS,0.04573360378634212,0.03334685598377282,0.01836375929682218,0.40153755174452993,12.041241667278177,0.0168386873977401,1.6152277337267196,0.960897386558619
WOODEN PICTURE FRAME WHITE FINISH,WHITE HANGING HEART T-LIGHT HOLDER,0.04484110885733604,0.13219743069641648,0.017958079783637594,0.40048250904704463,3.029427326516873,0.012030200403119445,1.4475016699248908,0.7013541040169399
72 SWEETHEART FAIRY CAKE CASES,PACK OF 60 PINK PAISLEY CAKE CASES,0.0318052738336714,0.04267748478701826,0.01271129141311697,0.39965986394557823,9.36465365613926,0.01135392232293351,1.5946335380884793,0.922557684661345
LUNCH BAG RED RETROSPOT,LUNCH BAG  BLACK SKULL.,0.04110885733603786,0.054009465855307644,0.0163894523326572,0.39868421052631575,7.3817469625490855,0.01416918490601575,1.5732008882931425,0.9015942209084821
LUNCH BAG SUKI  DESIGN ,LUNCH BAG  BLACK SKULL.,0.029019607843137254,0.054009465855307644,0.011548343475321163,0.3979496738117428,7.36814681481682,0.009981009956382824,1.5712814909245432,0.890111345261111
HAND OVER THE CHOCOLATE   SIGN ,GIN + TONIC DIET METAL SIGN,0.03515889114266396,0.037457741717376605,0.013982420554428669,0.39769230769230773,10.617092474312692,0.012665447890937402,1.598090594849822,0.9388201296087204
PACK OF 72 SKULL CAKE CASES,60 TEATIME FAIRY CAKE CASES,0.03126436781609195,0.04773495605138607,0.012413793103448275,0.3970588235294118,8.317988668555241,0.010921389879772756,1.5793664143537987,0.9081720543514563
JUMBO SHOPPER VINTAGE RED PAISLEY,JUMBO BAG RED RETROSPOT,0.04543610547667343,0.07064232589587559,0.01803921568627451,0.39702380952380956,5.620197303653469,0.014829503515751968,1.5412841979219438,0.8611998718023054
WOOD 2 DRAWER CABINET WHITE FINISH,WHITE HANGING HEART T-LIGHT HOLDER,0.028478701825557808,0.13219743069641648,0.011304935767410412,0.39696106362773026,3.0027895514802228,0.007540124556502324,1.4390489850026356,0.6865277479195354
ZINC METAL HEART DECORATION,WHITE HANGING HEART T-LIGHT HOLDER,0.033644354293441515,0.13219743069641648,0.013306288032454362,0.3954983922829582,2.9917252566821566,0.008858590837421444,1.4355670162415666,0.6889230799335505
LUNCH BAG PINK POLKADOT,LUNCH BAG SPACEBOY DESIGN ,0.02977687626774848,0.05068289384719405,0.011710615280594996,0.3932788374205267,7.759597125733178,0.010201437021615668,1.5646678650811965,0.8978628819034442
JUMBO BAG PINK VINTAGE PAISLEY,JUMBO SHOPPER VINTAGE RED PAISLEY,0.03321162947937796,0.04543610547667343,0.012954699121027721,0.3900651465798045,8.584915949278733,0.011445692020950507,1.565025984612343,0.9138676571425501
NO SINGING METAL SIGN,HAND OVER THE CHOCOLATE   SIGN ,0.02623394185260311,0.03515889114266396,0.01019607843137255,0.388659793814433,11.05438144329897,0.0092737221255339,1.578239250576081,0.9340417279209305
LUNCH BAG SUKI  DESIGN ,LUNCH BAG CARS BLUE,0.029019607843137254,0.04860040567951318,0.01127789046653144,0.3886300093196645,7.996435500609125,0.009867525752694587,1.5561764705882353,0.9010936646482491
LUNCH BAG CARS BLUE,LUNCH BAG SPACEBOY DESIGN ,0.04860040567951318,0.05068289384719405,0.01885057471264368,0.38786867000556485,7.6528516934128925,0.016387365510658346,1.5508389452332658,0.9137377826708408
VINTAGE SNAP CARDS,VINTAGE HEADS AND TAILS CARD GAME ,0.04002704530087897,0.028397565922920892,0.015524002704530087,0.3878378378378378,13.657432432432431,0.014387332046898635,1.5871651240994227,0.9654228180540715
SPOTTY BUNTING,PARTY BUNTING,0.027126436781609194,0.0562001352265044,0.010520622041920216,0.38783649052841473,6.900988564623741,0.008996112626580557,1.5417447302407428,0.8789356160189717
LUNCH BAG  BLACK SKULL.,LUNCH BAG SPACEBOY DESIGN ,0.054009465855307644,0.05068289384719405,0.020933062880324545,0.3875813720580871,7.647183154667967,0.018195706855636335,1.550111415361532,0.9188600350194283
LUNCH BAG SPACEBOY DESIGN ,LUNCH BAG WOODLAND,0.05068289384719405,0.04286680189317106,0.019634888438133873,0.3874066168623265,9.037450888633769,0.017462274868213588,1.5624282345402414,0.9368306162233297
WOOD S/3 CABINET ANT WHITE FINISH,WOODEN PICTURE FRAME WHITE FINISH,0.027099391480730223,0.04484110885733604,0.0104394861392833,0.3852295409181637,8.590990515952413,0.009224319375928311,1.55368378072232,0.9082109509593336
WOOD S/3 CABINET ANT WHITE FINISH,WHITE HANGING HEART T-LIGHT HOLDER,0.027099391480730223,0.13219743069641648,0.0104394861392833,0.3852295409181637,2.914047110361928,0.006857016212094407,1.411587945523037,0.6751302682538676
LUNCH BAG CARS BLUE,LUNCH BAG WOODLAND,0.04860040567951318,0.04286680189317106,0.018688302907369843,0.3845297718419588,8.97033963019333,0.016604958945178404,1.555125096743193,0.9339099007659947
NO SINGING METAL SIGN,GIN + TONIC DIET METAL SIGN,0.02623394185260311,0.037457741717376605,0.010060851926977688,0.3835051546391753,10.238341583237188,0.009078187708834205,1.5613143654417134,0.9266372800671352
HAND OVER THE CHOCOLATE   SIGN ,COOK WITH WINE METAL SIGN ,0.03515889114266396,0.03313049357674104,0.013468559837728196,0.3830769230769231,11.562668759811618,0.012303728420560829,1.5672448358481754,0.9468033310537172
PACK OF 60 DINOSAUR CAKE CASES,72 SWEETHEART FAIRY CAKE CASES,0.03064232589587559,0.0318052738336714,0.011737660581473968,0.383053839364519,12.043720842264532,0.010763073015455045,1.5693342271050792,0.9459554568347461
LUNCH BAG RED SPOTTY,LUNCH BAG  BLACK SKULL.,0.028640973630831644,0.054009465855307644,0.010899256254225827,0.38054768649669496,7.045944270513417,0.00935237256684866,1.5271402067976056,0.8833751043584742
PLASTERS IN TIN VINTAGE PAISLEY ,PLASTERS IN TIN WOODLAND ANIMALS,0.02680189317106153,0.02966869506423259,0.01019607843137255,0.38042381432896066,12.822397935107858,0.009400901235736187,1.566121047542908,0.9474036795605001
WOODLAND CHARLOTTE BAG,STRAWBERRY CHARLOTTE BAG,0.02872210953346856,0.02672075726842461,0.010872210953346857,0.3785310734463277,14.16618060797365,0.010104734436265939,1.566094781486262,0.9568933380046555
WOODEN FRAME ANTIQUE WHITE ,WHITE HANGING HEART T-LIGHT HOLDER,0.04795131845841785,0.13219743069641648,0.018120351588911426,0.3778905809362662,2.8585319619718583,0.011781310490202937,1.3949355896421158,0.6829168458033678
PACK OF 60 DINOSAUR CAKE CASES,PACK OF 72 SKULL CAKE CASES,0.03064232589587559,0.03126436781609195,0.011440162271805273,0.3733451015004413,11.941552878874411,0.01048214932425606,1.54588376234418,0.9452226167829044
GIN + TONIC DIET METAL SIGN,HAND OVER THE CHOCOLATE   SIGN ,0.037457741717376605,0.03515889114266396,0.013982420554428669,0.3732851985559567,10.617092474312692,0.012665447890937402,1.5395218154002424,0.941062324354906
HEART OF WICKER LARGE,WHITE HANGING HEART T-LIGHT HOLDER,0.047139959432048684,0.13219743069641648,0.01757944557133198,0.3729202524383247,2.8209341926978433,0.01134766405128184,1.383879120124562,0.677442098092643
LUNCH BAG RED SPOTTY,LUNCH BAG PINK RETROSPOT,0.028640973630831644,0.019743069641649763,0.010655848546315077,0.3720491029272899,18.844541891419922,0.010090387809316913,1.5610407357135232,0.9748550339964146
LUNCH BAG SPACEBOY DESIGN ,LUNCH BAG CARS BLUE,0.05068289384719405,0.04860040567951318,0.01885057471264368,0.371931696905016,7.652851693412892,0.016387365510658346,1.5148027525544538,0.9157422215547943
ALARM CLOCK BAKELIKE RED ,ALARM CLOCK BAKELIKE IVORY,0.030939824205544288,0.016659905341446922,0.011494252873563218,0.3715034965034965,22.29925614158569,0.010978798331017843,1.5645911937265433,0.9856513337941021
LUNCH BAG  BLACK SKULL.,LUNCH BAG CARS BLUE,0.054009465855307644,0.04860040567951318,0.020040567951318457,0.3710565848773159,7.6348454233938545,0.01741568600021669,1.5126950556194365,0.9186366537393198
72 SWEETHEART FAIRY CAKE CASES,PACK OF 60 DINOSAUR CAKE CASES,0.0318052738336714,0.03064232589587559,0.011737660581473968,0.36904761904761907,12.043720842264532,0.010763073015455045,1.5363404646178576,0.947091692054833
HAND WARMER OWL DESIGN,HAND WARMER UNION JACK,0.02861392832995267,0.0213657876943881,0.010547667342799188,0.3686200378071834,17.252817592304563,0.009936308224998983,1.5499925099091876,0.9697878941691065
WOODLAND CHARLOTTE BAG,CHARLOTTE BAG SUKI DESIGN,0.02872210953346856,0.02588235294117647,0.010574712643678161,0.3681732580037665,14.22487587741825,0.009831316867517799,1.5417480494433242,0.9571932254867421
PACK OF 72 SKULL CAKE CASES,PACK OF 60 DINOSAUR CAKE CASES,0.03126436781609195,0.03064232589587559,0.011440162271805273,0.36591695501730104,11.94155287887441,0.01048214932425606,1.5287550767590283,0.9458295605888735
LOVE BUILDING BLOCK WORD,WHITE HANGING HEART T-LIGHT HOLDER,0.04016227180527383,0.13219743069641648,0.014631507775524003,0.3643097643097643,2.7558006414389395,0.009322158631935674,1.3651343383642178,0.6637882947423686
JUMBO BAG STRAWBERRY,JUMBO STORAGE BAG SUKI,0.04094658553076403,0.046355645706558486,0.014901960784313726,0.36393659180977544,7.850965858906912,0.013003855372556335,1.4992913316721397,0.9098837704733367
JUMBO  BAG BAROQUE BLACK WHITE,JUMBO STORAGE BAG SUKI,0.03918864097363083,0.046355645706558486,0.014171737660581473,0.3616287094547964,7.801179423623744,0.012355122903886321,1.4938709939148074,0.907372967997205
JUMBO BAG PINK VINTAGE PAISLEY,JUMBO BAG STRAWBERRY,0.03321162947937796,0.04094658553076403,0.012008113590263691,0.3615635179153094,8.830126205362328,0.010648210763170298,1.5021908073574255,0.9172134901007254
PLEASE ONE PERSON METAL SIGN,COOK WITH WINE METAL SIGN ,0.03783637592968222,0.03313049357674104,0.013603786342123057,0.35954253037884204,10.852314335312396,0.01235024853241756,1.509654508355066,0.9435544368151335
ALARM CLOCK BAKELIKE GREEN,ALARM CLOCK BAKELIKE IVORY,0.028154158215010144,0.016659905341446922,0.010087897227856659,0.3583093179634966,21.507284142370597,0.00961885161702647,1.5324207163765775,0.981126927517249
LUNCH BAG RED RETROSPOT,LUNCH BAG SPACEBOY DESIGN ,0.04110885733603786,0.05068289384719405,0.014658553076402975,0.35657894736842105,7.035489102960175,0.012575037223861125,1.4754212692763446,0.8946411463832592
FELTCRAFT 6 FLOWER FRIENDS,FELTCRAFT BUTTERFLY HEARTS,0.03215686274509804,0.02774847870182556,0.011440162271805273,0.3557611438183347,12.820924261874195,0.010547858250805392,1.5091475963753647,0.9526362978033726
PACK OF 60 DINOSAUR CAKE CASES,PACK OF 60 SPACEBOY CAKE CASES,0.03064232589587559,0.024638269100743744,0.010872210953346857,0.35481023830538394,14.400777784129058,0.010117237082051585,1.5117439686851675,0.9599751785128817
PACK OF 72 RETRO SPOT CAKE CASES,PACK OF 60 PINK PAISLEY CAKE CASES,0.03137254901960784,0.04267748478701826,0.011061528059499661,0.35258620689655173,8.261644486692015,0.009722626575985363,1.4786872405420224,0.9074270215693456
LUNCH BAG RED SPOTTY,LUNCH BAG CARS BLUE,0.028640973630831644,0.04860040567951318,0.010087897227856659,0.35221907459867796,7.2472455666589415,0.008695934290342001,1.4687057877338126,0.8874335021215722
GIN + TONIC DIET METAL SIGN,PLEASE ONE PERSON METAL SIGN,0.037457741717376605,0.03783637592968222,0.0131710615280595,0.3516245487364621,9.293293559350026,0.011753796330963899,1.4839606005984298,0.9271234738780072
PLASTERS IN TIN SPACEBOY,PLASTERS IN TIN VINTAGE PAISLEY ,0.03126436781609195,0.02680189317106153,0.010953346855983773,0.3503460207612457,13.071689321540928,0.010115402609716101,1.498025314905796,0.9533032162046559
LUNCH BAG RED RETROSPOT,LUNCH BAG CARS BLUE,0.04110885733603786,0.04860040567951318,0.014334009465855307,0.34868421052631576,7.174512345136631,0.012336102322302636,1.4607347306738785,0.897513457132746
PLEASE ONE PERSON METAL SIGN,GIN + TONIC DIET METAL SIGN,0.03783637592968222,0.037457741717376605,0.0131710615280595,0.34810578984989277,9.293293559350026,0.011753796330963899,1.4765313808524012,0.9274883189599247
ROUND SNACK BOXES SET OF4 WOODLAND ,POSTAGE,0.030939824205544288,0.04876267748478702,0.010764029749830966,0.34790209790209786,7.134597931186948,0.009255321080660003,1.4587339101305679,0.887290545552411
JUMBO  BAG BAROQUE BLACK WHITE,JUMBO BAG STRAWBERRY,0.03918864097363083,0.04094658553076403,0.013630831643002028,0.34782608695652173,8.494629831715582,0.012026190603540848,1.4705485688528286,0.9182640882733772
HAND OVER THE CHOCOLATE   SIGN ,PLEASE ONE PERSON METAL SIGN,0.03515889114266396,0.03783637592968222,0.012170385395537525,0.34615384615384615,9.148705119041074,0.010840100372992916,1.471544366225192,0.9231519115471463
PLASTERS IN TIN WOODLAND ANIMALS,PLASTERS IN TIN VINTAGE PAISLEY ,0.02966869506423259,0.02680189317106153,0.01019607843137255,0.3436645396536007,12.822397935107857,0.009400901235736187,1.4827754488768685,0.9502027427756575
JUMBO BAG PINK VINTAGE PAISLEY,JUMBO STORAGE BAG SUKI,0.03321162947937796,0.046355645706558486,0.01138607167004733,0.34283387622149836,7.395730789550701,0.009846525140563792,1.4511465515146793,0.8944944767884778
LUNCH BAG PINK POLKADOT,LUNCH BAG WOODLAND,0.02977687626774848,0.04286680189317106,0.010169033130493577,0.34150772025431425,7.966717953566731,0.008892593674526536,1.4535222774008532,0.9013161757641106
PLASTERS IN TIN WOODLAND ANIMALS,PLASTERS IN TIN SKULLS,0.02966869506423259,0.024503042596348883,0.010114942528735632,0.34092980856882404,13.913774472221048,0.009387969229798655,1.4801108745114873,0.9565070934089472
CHOCOLATE HOT WATER BOTTLE,SCOTTIE DOG HOT WATER BOTTLE,0.039134550371872884,0.03940500338066261,0.013225152129817444,0.33794056668970285,8.57608267217005,0.01168305504011308,1.4509195825763896,0.9193760133428559
LUNCH BAG RED RETROSPOT,JUMBO BAG RED RETROSPOT,0.04110885733603786,0.07064232589587559,0.01387423935091278,0.3375,4.777589012251149,0.010970214053773337,1.402804036383584,0.8245872441331474
SCOTTIE DOG HOT WATER BOTTLE,CHOCOLATE HOT WATER BOTTLE,0.03940500338066261,0.039134550371872884,0.013225152129817444,0.3356211393273851,8.57608267217005,0.01168305504011308,1.4462613224258072,0.9196348612547155
LUNCH BAG RED RETROSPOT,LUNCH BAG WOODLAND,0.04110885733603786,0.04286680189317106,0.013793103448275862,0.3355263157894737,7.827183297360119,0.012030898204797295,1.440438080319188,0.9096341399343548
LUNCH BAG  BLACK SKULL.,LUNCH BAG WOODLAND,0.054009465855307644,0.04286680189317106,0.01803921568627451,0.33400100150225337,7.791600650186636,0.01572400261309905,1.4371390952025094,0.9214221867281238
JUMBO BAG STRAWBERRY,JUMBO  BAG BAROQUE BLACK WHITE,0.04094658553076403,0.03918864097363083,0.013630831643002028,0.332892998678996,8.494629831715582,0.012026190603540848,1.44026574016428,0.9199472660105468
CHOCOLATE HOT WATER BOTTLE,HOT WATER BOTTLE I AM SO POORLY,0.039134550371872884,0.022041920216362407,0.012954699121027721,0.3310297166551486,15.018188678925299,0.012092098484027683,1.4618856833129377,0.9714305726813018
PACK OF 72 SKULL CAKE CASES,PACK OF 60 PINK PAISLEY CAKE CASES,0.03126436781609195,0.04267748478701826,0.010331304935767411,0.3304498269896194,7.742954596287184,0.008997020353920403,1.4297995188452286,0.8989556129282347
JUMBO SHOPPER VINTAGE RED PAISLEY,JUMBO STORAGE BAG SUKI,0.04543610547667343,0.046355645706558486,0.014983096686950642,0.32976190476190476,7.113737706284381,0.012876876679188146,1.4228441520541577,0.9003346215983589
PACK OF 72 RETROSPOT CAKE CASES,PACK OF 60 PINK PAISLEY CAKE CASES,0.036457065584854634,0.04267748478701826,0.011926977687626775,0.3271513353115727,7.665665794135235,0.010371081825749815,1.4227902431169783,0.9024488230186958
60 TEATIME FAIRY CAKE CASES,PACK OF 60 DINOSAUR CAKE CASES,0.04773495605138607,0.03064232589587559,0.015578093306288033,0.3263456090651558,10.65015789513163,0.014115383226336162,1.4389539905750879,0.9515257167313579
PLASTERS IN TIN SPACEBOY,PLASTERS IN TIN STRONGMAN,0.03126436781609195,0.02315077755240027,0.01019607843137255,0.3261245674740485,14.086981170973065,0.009472284006745782,1.4495991028875808,0.9589948372168557
JUMBO  BAG BAROQUE BLACK WHITE,JUMBO SHOPPER VINTAGE RED PAISLEY,0.03918864097363083,0.04543610547667343,0.012765382014874916,0.32574189095928224,7.169230010844918,0.010984802790109539,1.4157247524711363,0.8956128574250226
60 TEATIME FAIRY CAKE CASES,72 SWEETHEART FAIRY CAKE CASES,0.04773495605138607,0.0318052738336714,0.015442866801893171,0.3235127478753541,10.171669942764643,0.013924643453240567,1.4312091220130403,0.9468873523930225
JUMBO STORAGE BAG SUKI,JUMBO SHOPPER VINTAGE RED PAISLEY,0.046355645706558486,0.04543610547667343,0.014983096686950642,0.323220536756126,7.113737706284381,0.012876876679188146,1.4104504441491224,0.9012027585523404
PACK OF 72 RETROSPOT CAKE CASES,60 TEATIME FAIRY CAKE CASES,0.036457065584854634,0.04773495605138607,0.011764705882352941,0.322700296735905,6.760251258815914,0.010024429458897406,1.4059729235955436,0.8843160730803095
HOME BUILDING BLOCK WORD,WHITE HANGING HEART T-LIGHT HOLDER,0.04951994590939824,0.13219743069641648,0.015956727518593644,0.3222282905516112,2.4374777093178857,0.009410317901145677,1.2803759100683816,0.6204652432413663
LUNCH BAG WOODLAND,LUNCH BAG RED RETROSPOT,0.04286680189317106,0.04110885733603786,0.013793103448275862,0.3217665615141956,7.827183297360119,0.012030898204797295,1.4138069405789582,0.9113048440625191
PLEASE ONE PERSON METAL SIGN,HAND OVER THE CHOCOLATE   SIGN ,0.03783637592968222,0.03515889114266396,0.012170385395537525,0.32165832737669764,9.148705119041074,0.010840100372992916,1.422352698937211,0.9257208355195762
JUMBO STORAGE BAG SUKI,JUMBO BAG STRAWBERRY,0.046355645706558486,0.04094658553076403,0.014901960784313726,0.32147024504084015,7.850965858906911,0.013003855372556335,1.4134286779022103,0.9150446211041942
PLASTERS IN TIN SPACEBOY,PLASTERS IN TIN SKULLS,0.03126436781609195,0.024503042596348883,0.010033806626098716,0.32093425605536335,13.097730814179979,0.009267734489753095,1.4365280035141668,0.9534602281958355
HEART OF WICKER SMALL,WHITE HANGING HEART T-LIGHT HOLDER,0.048113590263691684,0.13219743069641648,0.015388776200135226,0.3198426082068578,2.419431349928103,0.009028283185695065,1.2758849345380785,0.6163337681566706
BAKING SET 9 PIECE RETROSPOT ,BAKING SET SPACEBOY DESIGN,0.047112914131169706,0.02388100067613252,0.014712643678160919,0.31228473019517794,13.076702037334886,0.013587540143939881,1.4193650223891294,0.9691894589130177
PACK OF 60 PINK PAISLEY CAKE CASES,PACK OF 60 DINOSAUR CAKE CASES,0.04267748478701826,0.03064232589587559,0.013198106828938473,0.30925221799746516,10.092321942150287,0.011890369431678387,1.4033453300333105,0.9410775989629575
JUMBO STORAGE BAG SUKI,JUMBO  BAG BAROQUE BLACK WHITE,0.046355645706558486,0.03918864097363083,0.014171737660581473,0.3057176196032672,7.8011794236237435,0.012355122903886321,1.383891318799325,0.9141922254351466
LUNCH BAG  BLACK SKULL.,LUNCH BAG RED RETROSPOT,0.054009465855307644,0.04110885733603786,0.0163894523326572,0.30345518277416117,7.3817469625490855,0.01416918490601575,1.3766395484543006,0.9138893905400604
HAND OVER THE CHOCOLATE   SIGN ,WHITE HANGING HEART T-LIGHT HOLDER,0.03515889114266396,0.13219743069641648,0.010574712643678161,0.3007692307692308,2.2751518632758407,0.005926797568482991,1.2410817822823528,0.5808924343632216
PACK OF 60 PINK PAISLEY CAKE CASES,72 SWEETHEART FAIRY CAKE CASES,0.04267748478701826,0.0318052738336714,0.01271129141311697,0.29784537389100124,9.36465365613926,0.01135392232293351,1.3788910450274967,0.9330350750965193
LUNCH BAG RED RETROSPOT,LUNCH BAG SUKI DESIGN ,0.04110885733603786,0.02431372549019608,0.012170385395537525,0.29605263157894735,12.176358234295414,0.011170875923053467,1.386021623602712,0.957224024193422
NATURAL SLATE HEART CHALKBOARD ,WHITE HANGING HEART T-LIGHT HOLDER,0.04427315753887762,0.13219743069641648,0.013062880324543611,0.2950519242516799,2.2319036209504635,0.007210082649086309,1.2310162963171285,0.5775206415372071
LUNCH BAG CARS BLUE,LUNCH BAG RED RETROSPOT,0.04860040567951318,0.04110885733603786,0.014334009465855307,0.29493600445186424,7.174512345136632,0.012336102322302636,1.3600058274405211,0.9045806931218804
JUMBO BAG STRAWBERRY,JUMBO BAG PINK VINTAGE PAISLEY,0.04094658553076403,0.03321162947937796,0.012008113590263691,0.29326287978863935,8.830126205362328,0.010648210763170298,1.3679603672600205,0.9246109988615839
JUMBO BAG STRAWBERRY,JUMBO SHOPPER VINTAGE RED PAISLEY,0.04094658553076403,0.04543610547667343,0.011926977687626775,0.2912813738441215,6.410790951122853,0.01006652430854135,1.3468869863078439,0.8800479668475495
HAND OVER THE CHOCOLATE   SIGN ,NO SINGING METAL SIGN,0.03515889114266396,0.02623394185260311,0.01019607843137255,0.29000000000000004,11.05438144329897,0.0092737221255339,1.3715014903484464,0.9426817775415026
LUNCH BAG SPACEBOY DESIGN ,LUNCH BAG RED RETROSPOT,0.05068289384719405,0.04110885733603786,0.014658553076402975,0.2892209178228389,7.035489102960176,0.012575037223861125,1.3490705715857847,0.9036637658476525
JUMBO SHOPPER VINTAGE RED PAISLEY,JUMBO BAG PINK VINTAGE PAISLEY,0.04543610547667343,0.03321162947937796,0.012954699121027721,0.2851190476190476,8.584915949278733,0.011445692020950507,1.3523767381137761,0.9255709630223753
GIN + TONIC DIET METAL SIGN,WHITE HANGING HEART T-LIGHT HOLDER,0.037457741717376605,0.13219743069641648,0.010601757944557134,0.28303249097472927,2.140983296602008,0.005649940729829972,1.2103792129762974,0.553663893205498
PLEASE ONE PERSON METAL SIGN,WHITE HANGING HEART T-LIGHT HOLDER,0.03783637592968222,0.13219743069641648,0.010655848546315077,0.28162973552537524,2.130372232211692,0.0056539768615473515,1.2080157158763316,0.5514638568863514
JUMBO SHOPPER VINTAGE RED PAISLEY,JUMBO  BAG BAROQUE BLACK WHITE,0.04543610547667343,0.03918864097363083,0.012765382014874916,0.28095238095238095,7.169230010844918,0.010984802790109539,1.3362277178512418,0.9014744970358791
JUMBO BAG RED RETROSPOT,JUMBO STORAGE BAG SUKI,0.07064232589587559,0.046355645706558486,0.01982420554428668,0.28062787136294026,6.053801367353977,0.016549534913170228,1.3256620827112662,0.898270447698691
PACK OF 60 PINK PAISLEY CAKE CASES,PACK OF 72 RETROSPOT CAKE CASES,0.04267748478701826,0.036457065584854634,0.011926977687626775,0.279467680608365,7.665665794135235,0.010371081825749815,1.3372653918268245,0.9083126880155684
JUMBO BAG RED RETROSPOT,JUMBO BAG STRAWBERRY,0.07064232589587559,0.04094658553076403,0.019553752535496956,0.27679938744257276,6.76001146016455,0.01666119049610938,1.3261236202189752,0.9168388882361608
LUNCH BAG CARS BLUE,LUNCH BAG PINK POLKADOT,0.04860040567951318,0.02977687626774848,0.013360378634212305,0.27490261547022815,9.232083748421148,0.011913210367731061,1.3380590585931358,0.9372319445144567
LUNCH BAG  BLACK SKULL.,LUNCH BAG PINK POLKADOT,0.054009465855307644,0.02977687626774848,0.014793779580797837,0.27391086629944916,9.19877773062864,0.013185546398737156,1.3362314331677974,0.9421763463124327
WOODEN PICTURE FRAME WHITE FINISH,WOOD 2 DRAWER CABINET WHITE FINISH,0.04484110885733604,0.028478701825557808,0.01222447599729547,0.27261761158021713,9.572683939390815,0.010947459428620018,1.3356403916859247,0.9375781324193693
LUNCH BAG SPACEBOY DESIGN ,LUNCH BAG SUKI  DESIGN ,0.05068289384719405,0.029019607843137254,0.013793103448275862,0.272145144076841,9.377974559404656,0.012322305744474937,1.3340302455292967,0.9410629606105854
60 TEATIME FAIRY CAKE CASES,PACK OF 72 RETRO SPOT CAKE CASES,0.04773495605138607,0.03137254901960784,0.01292765382014875,0.27082152974504253,8.632436260623232,0.011430086571477814,1.3283818577936224,0.928478739042137
LUNCH BAG SPACEBOY DESIGN ,LUNCH BAG DOLLY GIRL DESIGN,0.05068289384719405,0.023583502366463827,0.013630831643002028,0.2689434364994664,11.403880234596066,0.012435551496017492,1.3356237347191584,0.9610177071787853
GIN + TONIC DIET METAL SIGN,NO SINGING METAL SIGN,0.037457741717376605,0.02623394185260311,0.010060851926977688,0.2685920577617329,10.23834158323719,0.009078187708834205,1.3313583322153453,0.9374424071036023
JUMBO STORAGE BAG SUKI,JUMBO STORAGE BAG SKULLS,0.046355645706558486,0.026964164976335362,0.012440838404327248,0.26837806301050177,9.953138294697395,0.011190897125911052,1.3299708303274012,0.9432543406127967
JUMBO SHOPPER VINTAGE RED PAISLEY,JUMBO BAG STRAWBERRY,0.04543610547667343,0.04094658553076403,0.011926977687626775,0.2625,6.410790951122854,0.01006652430854135,1.3004114094498114,0.8841870223085693
60 TEATIME FAIRY CAKE CASES,PACK OF 72 SKULL CAKE CASES,0.04773495605138607,0.03126436781609195,0.012413793103448275,0.260056657223796,8.317988668555241,0.010921389879772756,1.309202443188819,0.9238800004207559
WOODEN FRAME ANTIQUE WHITE ,WOOD 2 DRAWER CABINET WHITE FINISH,0.04795131845841785,0.028478701825557808,0.01246788370520622,0.26001128031584886,9.13002572619042,0.011102292404686572,1.3128866323653094,0.9353211665527286
WOODEN PICTURE FRAME WHITE FINISH,WHITE HANGING HEART T-LIGHT HOLDER,0.04484110885733604,0.018120351588911426,0.011656524678837052,0.2599517490952955,14.345844660893361,0.010843988020705473,1.3267778786190585,0.9739671718404347
PACK OF 60 PINK PAISLEY CAKE CASES,PACK OF 72 RETRO SPOT CAKE CASES,0.04267748478701826,0.03137254901960784,0.011061528059499661,0.2591888466413181,8.261644486692013,0.009722626575985363,1.3075227695868767,0.9181427459249686
LUNCH BAG RED RETROSPOT,LUNCH BAG APPLE DESIGN,0.04110885733603786,0.02342123056118999,0.010520622041920216,0.25592105263157894,10.926883280661238,0.009557802016145806,1.3124666043739976,0.9474303753735409
JUMBO BAG RED RETROSPOT,JUMBO SHOPPER VINTAGE RED PAISLEY,0.07064232589587559,0.04543610547667343,0.01803921568627451,0.2553598774885146,5.620197303653468,0.014829503515751968,1.281913055267316,0.8845575029904946
JUMBO BAG RED RETROSPOT,JUMBO BAG PINK POLKADOT,0.07064232589587559,0.028532792427315753,0.017958079783637594,0.25421133231240434,8.909444561375498,0.015942456962267783,1.3026038738089587,0.9552399277872775
JUMBO STORAGE BAG SUKI,JUMBO BAG SPACEBOY DESIGN,0.046355645706558486,0.026288032454361055,0.011683569979716025,0.25204200700116686,9.587709062621547,0.010464971260939152,1.301827076734185,0.9392388190919145
STRAWBERRY CERAMIC TRINKET BOX,WHITE HANGING HEART T-LIGHT HOLDER,0.049168356997971605,0.13219743069641648,0.012386747802569303,0.2519251925192519,1.9056738939033018,0.005886817335873287,1.1600478463190549,0.4998269149006335
60 TEATIME FAIRY CAKE CASES,PACK OF 72 RETROSPOT CAKE CASES,0.04773495605138607,0.036457065584854634,0.011764705882352941,0.24645892351274787,6.760251258815914,0.010024429458897406,1.2786866761223545,0.8947892285041802
JUMBO STORAGE BAG SUKI,JUMBO BAG PINK VINTAGE PAISLEY,0.046355645706558486,0.03321162947937796,0.01138607167004733,0.2456242707117853,7.395730789550701,0.009846525140563792,1.2815740657945447,0.90682323421791
ASSORTED COLOUR BIRD ORNAMENT,WHITE HANGING HEART T-LIGHT HOLDER,0.07172413793103448,0.13219743069641648,0.017525354969574036,0.24434389140271492,1.8483255696839986,0.008043608216175889,1.1484093881203112,0.49443252068313986
WOODEN FRAME ANTIQUE WHITE ,WHITE HANGING HEART T-LIGHT HOLDER,0.04795131845841785,0.017958079783637594,0.011656524678837052,0.2430908065425832,13.536570138421707,0.010795411076230171,1.2974369035347322,0.9727717300390678
LUNCH BAG WOODLAND,LUNCH BAG SPACEBOY DESIGN ,0.04286680189317106,0.020933062880324545,0.010412440838404327,0.24290220820189273,11.603758589489642,0.009515107378896163,1.293184246112238,0.9547480211227032
JUMBO BAG RED RETROSPOT,JUMBO  BAG BAROQUE BLACK WHITE,0.07064232589587559,0.03918864097363083,0.017146720757268426,0.2427258805513017,6.193781527525452,0.014378344010192733,1.2687761727891185,0.9022874265668516
PACK OF 60 PINK PAISLEY CAKE CASES,PACK OF 72 SKULL CAKE CASES,0.04267748478701826,0.03126436781609195,0.010331304935767411,0.2420785804816223,7.742954596287185,0.008997020353920403,1.278147849152347,0.9096728846929525
LUNCH BAG WOODLAND,LUNCH BAG CARS BLUE,0.04286680189317106,0.01885057471264368,0.010358350236646382,0.2416403785488959,12.818727398630452,0.009550286384867065,1.2937785682865721,0.9632819526101176
LUNCH BAG WOODLAND,LUNCH BAG CARS BLUE,0.04286680189317106,0.020040567951318457,0.010331304935767411,0.24100946372239748,12.026079515702628,0.00947222987957161,1.291135245051671,0.9579099162806662
LUNCH BAG WOODLAND,LUNCH BAG PINK POLKADOT,0.04286680189317106,0.02977687626774848,0.010169033130493577,0.23722397476340695,7.966717953566731,0.008892593674526536,1.2719633177134977,0.9136427377609975
WHITE HANGING HEART T-LIGHT HOLDER,RED HANGING HEART T-LIGHT HOLDER,0.13219743069641648,0.044110885733603784,0.031183231913455036,0.23588379705400983,5.34751894302392,0.0253518861537294,1.2509734914415382,0.9368460277025997
JUMBO STORAGE BAG SUKI,JUMBO BAG OWLS,0.046355645706558486,0.024881676808654496,0.010872210953346857,0.23453908984830807,9.426177007762163,0.009718804758619776,1.2738969557545474,0.9373645936111676
WOODEN PICTURE FRAME WHITE FINISH,WOOD S/3 CABINET ANT WHITE FINISH,0.04484110885733604,0.027099391480730223,0.0104394861392833,0.23281061519903498,8.590990515952413,0.009224319375928311,1.2681361705384822,0.925080627993887
LUNCH BAG CARS BLUE,LUNCH BAG SUKI  DESIGN ,0.04860040567951318,0.029019607843137254,0.01127789046653144,0.2320534223706177,7.996435500609124,0.009867525752694587,1.2643853367433928,0.9196391138837182
WOODEN FRAME ANTIQUE WHITE ,WOOD S/3 CABINET ANT WHITE FINISH,0.04795131845841785,0.027099391480730223,0.011115618661257607,0.2318104906937394,8.554084723953109,0.009816167110335776,1.2664851533808115,0.9275752414531855
60 TEATIME FAIRY CAKE CASES,WHITE HANGING HEART T-LIGHT HOLDER,0.04773495605138607,0.13219743069641648,0.011061528059499661,0.23172804532577904,1.7528937143863914,0.004751089515100065,1.1295512793663902,0.4510453867781784
REX CASH+CARRY JUMBO SHOPPER,WHITE HANGING HEART T-LIGHT HOLDER,0.050223123732251525,0.13219743069641648,0.01162947937795808,0.23155627355950456,1.7515943565594685,0.004990111459006208,1.1292987885050838,0.45178143587665237
60 TEATIME FAIRY CAKE CASES,PACK OF 60 SPACEBOY CAKE CASES,0.04773495605138607,0.024638269100743744,0.011034482758620689,0.23116147308781868,9.382212368191105,0.009858376065914463,1.2686171370944637,0.938200280112045
LUNCH BAG SPACEBOY DESIGN ,LUNCH BAG PINK POLKADOT,0.05068289384719405,0.02977687626774848,0.011710615280594996,0.2310565635005336,7.759597125733179,0.010201437021615668,1.2617613697947532,0.9176357660865548
LUNCH BAG CARS BLUE,JUMBO BAG RED RETROSPOT,0.04860040567951318,0.07064232589587559,0.011034482758620689,0.2270450751252087,3.2140090554190626,0.007601237061936756,1.2023439455472364,0.7240512954286269
POSTAGE,ROUND SNACK BOXES SET OF4 WOODLAND ,0.04876267748478702,0.030939824205544288,0.010764029749830966,0.22074320576816414,7.134597931186948,0.009255321080660003,1.2435697487241306,0.903915260368715
JUMBO STORAGE BAG SUKI,LUNCH BAG  BLACK SKULL.,0.046355645706558486,0.054009465855307644,0.010114942528735632,0.21820303383897316,4.040088721179786,0.007611298864746523,1.210020728002987,0.7890579751575986
LUNCH BAG CARS BLUE,LUNCH BAG SUKI DESIGN ,0.04860040567951318,0.02431372549019608,0.010547667342799188,0.21702838063439067,8.926167268027358,0.009366010420395338,1.2461323633931185,0.9333300533112915
LUNCH BAG  BLACK SKULL.,JUMBO BAG RED RETROSPOT,0.054009465855307644,0.07064232589587559,0.011575388776200134,0.21432148222333497,3.0338961735098815,0.007760034487787327,1.1828727056634394,0.7086654735713717
LUNCH BAG  BLACK SKULL.,LUNCH BAG SUKI  DESIGN ,0.054009465855307644,0.029019607843137254,0.011548343475321163,0.21382073109664496,7.36814681481682,0.009981009956382824,1.235062320469589,0.9136250648283036
LUNCH BAG CARS BLUE,WHITE HANGING HEART T-LIGHT HOLDER,0.04860040567951318,0.13219743069641648,0.010358350236646382,0.21313299944351696,1.6122325397757857,0.003933501475011212,1.1028580035633235,0.3991404697957586
LUNCH BAG CARS BLUE,LUNCH BAG WOODLAND,0.04860040567951318,0.019634888438133873,0.010358350236646382,0.21313299944351696,10.854810818765896,0.009404086693081093,1.2459095512564875,0.9542519824949935
LUNCH BAG CARS BLUE,LUNCH BAG WOODLAND,0.04860040567951318,0.01803921568627451,0.010331304935767411,0.21257651641624933,11.784132975248603,0.009454591735274232,1.2470554978175015,0.9618882904861707
PARTY BUNTING,WHITE HANGING HEART T-LIGHT HOLDER,0.0562001352265044,0.13219743069641648,0.011926977687626775,0.212223291626564,1.6053511063609256,0.004497464205891725,1.1015844465564122,0.39953736220300273
LUNCH BAG CARS BLUE,LUNCH BAG SPACEBOY DESIGN ,0.04860040567951318,0.020933062880324545,0.010250169033130493,0.2109070673344463,10.075308546112598,0.009232813685031961,1.2407498490860767,0.946760395791865
LUNCH BAG CARS BLUE,LUNCH BAG RED SPOTTY,0.04860040567951318,0.028640973630831644,0.010087897227856659,0.20756816917084028,7.2472455666589415,0.008695934290342001,1.2257950634728902,0.9060509881800668
LUNCH BAG SPACEBOY DESIGN ,LUNCH BAG WOODLAND,0.05068289384719405,0.01803921568627451,0.010412440838404327,0.20544290288153683,11.388682659737368,0.009498161184690239,1.2358593081288929,0.9608944430117615
LUNCH BAG  BLACK SKULL.,LUNCH BAG SUKI DESIGN ,0.054009465855307644,0.02431372549019608,0.011061528059499661,0.20480721081622433,8.42352238034471,0.009748356732821593,1.2269807872771274,0.9316000375227124
LUNCH BAG  BLACK SKULL.,WHITE HANGING HEART T-LIGHT HOLDER,0.054009465855307644,0.13219743069641648,0.011061528059499661,0.20480721081622433,1.5492525818187184,0.003921615440142157,1.0913109136645192,0.3747685062535291
LUNCH BAG SPACEBOY DESIGN ,LUNCH BAG WOODLAND,0.05068289384719405,0.018688302907369843,0.010358350236646382,0.20437566702241194,10.93602067750171,0.009411172964207948,1.233385727935338,0.9570659320068764
LUNCH BAG SPACEBOY DESIGN ,LUNCH BAG CARS BLUE,0.05068289384719405,0.020040567951318457,0.010250169033130493,0.2022411953041622,10.091590008598379,0.009234455055016341,1.2283906191700529,0.9490059555993677
LUNCH BAG  BLACK SKULL.,LUNCH BAG RED SPOTTY,0.054009465855307644,0.028640973630831644,0.010899256254225827,0.2018027040560841,7.045944270513418,0.00935237256684866,1.2169410135879732,0.9070644475996043
LUNCH BAG SPACEBOY DESIGN ,LUNCH BAG SUKI DESIGN ,0.05068289384719405,0.02431372549019608,0.01022312373225152,0.20170757737459977,8.296037456535958,0.008990833764202096,1.222216629967495,0.926413860290388
JUMBO BAG RED RETROSPOT,JUMBO BAG PINK VINTAGE PAISLEY,0.07064232589587559,0.03321162947937796,0.01411764705882353,0.19984686064318533,6.017375954626854,0.011771500305608243,1.208254174066921,0.8971945120960652
ASSORTED COLOUR BIRD ORNAMENT,PAINTED METAL PEARS ASSORTED,0.07172413793103448,0.019310344827586208,0.01411764705882353,0.19683257918552038,10.19311570782159,0.012732629222913898,1.2210276833414277,0.9715803316766579
JUMBO BAG RED RETROSPOT,LUNCH BAG RED RETROSPOT,0.07064232589587559,0.04110885733603786,0.01387423935091278,0.19640122511485453,4.777589012251149,0.010970214053773337,1.1932461479934584,0.8507912795955167
LUNCH BAG  BLACK SKULL.,LUNCH BAG WOODLAND,0.054009465855307644,0.019634888438133873,0.010412440838404327,0.19278918377566348,9.818705330723358,0.00935197100173216,1.2145093844845203,0.9494318877988611
LUNCH BAG  BLACK SKULL.,LUNCH BAG WOODLAND,0.054009465855307644,0.018688302907369843,0.010331304935767411,0.19128693039559339,10.23565014671066,0.009321959677998173,1.2134238136804845,0.953817418218602
LUNCH BAG  BLACK SKULL.,LUNCH BAG CARS BLUE,0.054009465855307644,0.01885057471264368,0.010250169033130493,0.18978467701552326,10.067845670945442,0.00923205956183504,1.2109736726198086,0.9520960857265578
LUNCH BAG  BLACK SKULL.,LUNCH BAG DOLLY GIRL DESIGN,0.054009465855307644,0.023583502366463827,0.010141987829614604,0.18778167250876313,7.962416675471922,0.008868255463804509,1.202160139194927,0.9243327043665542
LUNCH BAG  BLACK SKULL.,JUMBO STORAGE BAG SUKI,0.054009465855307644,0.046355645706558486,0.010114942528735632,0.18728092138207308,4.040088721179785,0.007611298864746523,1.1733997384621089,0.795442085368863
PARTY BUNTING,SPOTTY BUNTING,0.0562001352265044,0.027126436781609194,0.010520622041920216,0.1871992300288739,6.900988564623741,0.008996112626580557,1.196939765759512,0.9060111751564446
REGENCY CAKESTAND 3 TIER,ROSES REGENCY TEACUP AND SAUCER ,0.08973630831643002,0.028559837728194728,0.01568627450980392,0.17480409885473175,6.120626472683433,0.013123420105959429,1.1772236882461102,0.9190941475514136
JUMBO BAG RED RETROSPOT,WHITE HANGING HEART T-LIGHT HOLDER,0.07064232589587559,0.13219743069641648,0.01187288708586883,0.16807044410413477,1.2713593843597348,0.0025341531040151497,1.0431202535761437,0.22966436922904787
JUMBO BAG RED RETROSPOT,JUMBO BAG SPACEBOY DESIGN,0.07064232589587559,0.026288032454361055,0.011818796484110886,0.16730474732006126,6.364293242962207,0.009961748728308559,1.1693497283812455,0.9069418433468865
JUMBO BAG RED RETROSPOT,LUNCH BAG  BLACK SKULL.,0.07064232589587559,0.054009465855307644,0.011575388776200134,0.16385911179173046,3.0338961735098815,0.007760034487787327,1.1313769575027182,0.721348570688806
JUMBO BAG RED RETROSPOT,JUMBO STORAGE BAG SKULLS,0.07064232589587559,0.026964164976335362,0.01127789046653144,0.1596477794793262,5.920738862836596,0.009373079136763003,1.1578904788527618,0.8942758897093249
JUMBO BAG RED RETROSPOT,LUNCH BAG CARS BLUE,0.07064232589587559,0.04860040567951318,0.011034482758620689,0.1562021439509954,3.2140090554190626,0.007601237061936756,1.1275207533417022,0.7412238882108151
REGENCY CAKESTAND 3 TIER,GREEN REGENCY TEACUP AND SAUCER,0.08973630831643002,0.025233265720081135,0.014009465855307641,0.15611814345991562,6.1869971644484245,0.011745125742820037,1.155098580121704,0.9210196023637507
ASSORTED COLOUR BIRD ORNAMENT,REGENCY CAKESTAND 3 TIER,0.07172413793103448,0.08973630831643002,0.010953346855983773,0.15271493212669685,1.7018187508693838,0.004517087500874309,1.0743299111458957,0.44425733311320237
REGENCY CAKESTAND 3 TIER,WHITE HANGING HEART T-LIGHT HOLDER,0.08973630831643002,0.13219743069641648,0.013657876943881,0.15220012055455093,1.15130921798374,0.0017949675442674798,1.0235936455560932,0.1443797165169766
JUMBO BAG RED RETROSPOT,JUMBO BAG WOODLAND ANIMALS,0.07064232589587559,0.024746450304259635,0.010520622041920216,0.14892802450229708,6.018157055707579,0.008772475234760617,1.145911953128778,0.8972177209494848
JUMBO BAG RED RETROSPOT,JUMBO BAG OWLS,0.07064232589587559,0.024881676808654496,0.010060851926977688,0.1424196018376723,5.723874758639058,0.008303152405024867,1.1370576161499082,0.8880253485948095
WHITE HANGING HEART T-LIGHT HOLDER,WOODEN FRAME ANTIQUE WHITE ,0.13219743069641648,0.04795131845841785,0.018120351588911426,0.13707037643207856,2.8585319619718583,0.011781310490202937,1.1032750012743606,0.7492142863455652
WHITE HANGING HEART T-LIGHT HOLDER,WOODEN PICTURE FRAME WHITE FINISH,0.13219743069641648,0.04484110885733604,0.017958079783637594,0.1358428805237316,3.0294273265168736,0.012030200403119445,1.1053069744094084,0.7719550874673937
WHITE HANGING HEART T-LIGHT HOLDER,HEART OF WICKER LARGE,0.13219743069641648,0.047139959432048684,0.01757944557133198,0.13297872340425532,2.820934192697843,0.01134766405128184,1.0990042185691709,0.7438414311091719
WHITE HANGING HEART T-LIGHT HOLDER,ASSORTED COLOUR BIRD ORNAMENT,0.13219743069641648,0.07172413793103448,0.017525354969574036,0.132569558101473,1.8483255696839986,0.008043608216175889,1.0701444372153546,0.5288873190827253
REGENCY CAKESTAND 3 TIER,ROSES REGENCY TEACUP AND SAUCER ,0.08973630831643002,0.020094658553076402,0.011764705882352941,0.13110307414104883,6.524274786494321,0.009961485406920689,1.1277578643499455,0.930198872397298
REGENCY CAKESTAND 3 TIER,PINK REGENCY TEACUP AND SAUCER,0.08973630831643002,0.020175794455713318,0.01152129817444219,0.12839059674502712,6.363595596042062,0.00971079686263538,1.124155156983383,0.9259472214933837
REGENCY CAKESTAND 3 TIER,ASSORTED COLOUR BIRD ORNAMENT,0.08973630831643002,0.07172413793103448,0.010953346855983773,0.1220614828209765,1.7018187508693838,0.004517087500874309,1.0573358428921482,0.45304823497175756
WHITE HANGING HEART T-LIGHT HOLDER,HOME BUILDING BLOCK WORD,0.13219743069641648,0.04951994590939824,0.015956727518593644,0.12070376432078561,2.437477709317885,0.009410317901145677,1.0809554454152772,0.6795783497514438
WHITE HANGING HEART T-LIGHT HOLDER,HEART OF WICKER SMALL,0.13219743069641648,0.048113590263691684,0.015388776200135226,0.1164075286415712,2.419431349928103,0.009028283185695065,1.0772912180576697,0.6760520866407634
REGENCY CAKESTAND 3 TIER,PINK REGENCY TEACUP AND SAUCER,0.08973630831643002,0.016903313049357674,0.01022312373225152,0.11392405063291138,6.739746835443037,0.008706282820885225,1.1094948324157248,0.9355821638556285
WHITE HANGING HEART T-LIGHT HOLDER,LOVE BUILDING BLOCK WORD,0.13219743069641648,0.04016227180527383,0.014631507775524003,0.11067921440261867,2.7558006414389395,0.009322158631935674,1.079293033221951,0.7341866357218393
WHITE HANGING HEART T-LIGHT HOLDER,REGENCY CAKESTAND 3 TIER,0.13219743069641648,0.08973630831643002,0.013657876943881,0.10331423895253683,1.1513092179837399,0.0017949675442674798,1.0151423511177937,0.15144413995736222
WHITE HANGING HEART T-LIGHT HOLDER,ZINC METAL HEART DECORATION,0.13219743069641648,0.033644354293441515,0.013306288032454362,0.10065466448445173,2.9917252566821566,0.008858590837421444,1.0745100992296766,0.7671614849972166
WHITE HANGING HEART T-LIGHT HOLDER,CREAM HEART CARD HOLDER,0.13219743069641648,0.030534144692359703,0.013144016227180528,0.09942716857610476,3.2562617875123765,0.009107480750337953,1.0764991142080296,0.7984527918630687
WHITE HANGING HEART T-LIGHT HOLDER,NATURAL SLATE HEART CHALKBOARD ,0.13219743069641648,0.04427315753887762,0.013062880324543611,0.09881342062193128,2.231903620950464,0.007210082649086309,1.0605205007831933,0.6360340458952792
WHITE HANGING HEART T-LIGHT HOLDER,STRAWBERRY CERAMIC TRINKET BOX,0.13219743069641648,0.049168356997971605,0.012386747802569303,0.09369885433715221,1.9056738939033018,0.005886817335873287,1.0491343275381297,0.5476490431377683
WHITE HANGING HEART T-LIGHT HOLDER,PARTY BUNTING,0.13219743069641648,0.0562001352265044,0.011926977687626775,0.09022094926350246,1.6053511063609256,0.004497464205891725,1.0373945893889918,0.4345266098045372
WHITE HANGING HEART T-LIGHT HOLDER,JUMBO BAG RED RETROSPOT,0.13219743069641648,0.07064232589587559,0.01187288708586883,0.08981178396072013,1.2713593843597348,0.0025341531040151497,1.0210609824726815,0.24595495745372803
WHITE HANGING HEART T-LIGHT HOLDER,WOODEN FRAME ANTIQUE WHITE ,0.13219743069641648,0.02685598377281947,0.011656524678837052,0.08817512274959084,3.2832579694522877,0.008106232625245664,1.06724881115514,0.8013625513639433
WHITE HANGING HEART T-LIGHT HOLDER,REX CASH+CARRY JUMBO SHOPPER,0.13219743069641648,0.050223123732251525,0.01162947937795808,0.08797054009819968,1.7515943565594685,0.004990111459006208,1.041388373978635,0.49445758298115366
WHITE HANGING HEART T-LIGHT HOLDER,WOOD 2 DRAWER CABINET WHITE FINISH,0.13219743069641648,0.028478701825557808,0.011304935767410412,0.08551554828150573,3.0027895514802228,0.007540124556502324,1.062370493395229,0.7685807261746362
WHITE HANGING HEART T-LIGHT HOLDER,60 TEATIME FAIRY CAKE CASES,0.13219743069641648,0.04773495605138607,0.011061528059499661,0.08367430441898527,1.7528937143863912,0.004751089515100065,1.0392211508865428,0.49494524475518614
WHITE HANGING HEART T-LIGHT HOLDER,LUNCH BAG  BLACK SKULL.,0.13219743069641648,0.054009465855307644,0.011061528059499661,0.08367430441898527,1.5492525818187182,0.003921615440142157,1.0323736840587756,0.4085346966602032
WHITE HANGING HEART T-LIGHT HOLDER,PLEASE ONE PERSON METAL SIGN,0.13219743069641648,0.03783637592968222,0.010655848546315077,0.08060556464811784,2.130372232211692,0.0056539768615473515,1.0465188683702076,0.6114276240405407
WHITE HANGING HEART T-LIGHT HOLDER,GIN + TONIC DIET METAL SIGN,0.13219743069641648,0.037457741717376605,0.010601757944557134,0.08019639934533553,2.140983296602008,0.005649940729829972,1.0464649818695426,0.6141084538655429
WHITE HANGING HEART T-LIGHT HOLDER,HAND OVER THE CHOCOLATE   SIGN ,0.13219743069641648,0.03515889114266396,0.010574712643678161,0.07999181669394437,2.2751518632758407,0.005926797568482991,1.0487310073592748,0.6458483995358846
WHITE HANGING HEART T-LIGHT HOLDER,WOOD S/3 CABINET ANT WHITE FINISH,0.13219743069641648,0.027099391480730223,0.0104394861392833,0.07896890343698855,2.9140471103619277,0.006857016212094407,1.0563167868596604,0.7568941047744062
WHITE HANGING HEART T-LIGHT HOLDER,LUNCH BAG CARS BLUE,0.13219743069641648,0.04860040567951318,0.010358350236646382,0.07835515548281506,1.6122325397757857,0.003933501475011212,1.032284398898677,0.4375904087784834
WHITE HANGING HEART T-LIGHT HOLDER,CANDLEHOLDER PINK HANGING HEART,0.13219743069641648,0.014090601757944557,0.010304259634888438,0.07794599018003275,5.5317715679591375,0.008441518285521758,1.0692534143792252,0.9440235769762113
